user_id,age,gender,occupation,zip_code,prenom,nom,email,preferred_genre,best_rated_movie
1,24,M,technician,85711,Lauren,Schmitt,lauren.schmitt@gmail.com,Drama,Groundhog Day (1993)
2,53,F,other,94043,James,Lester,james.lester@yahoo.com,Drama,Shall We Dance? (1996)
3,23,M,writer,32067,Raven,Wise,raven.wise@yahoo.com,Drama,Conspiracy Theory (1997)
4,24,M,technician,43537,Natalie,Randall,natalie.randall@outlook.com,Thriller,Ulee's Gold (1997)
5,33,F,other,15213,Timothy,Collins,timothy.collins@yahoo.com,Comedy,"Adventures of Priscilla, Queen of the Desert, The (1994)"
6,42,M,executive,98101,Barbara,Richardson,barbara.richardson@yahoo.com,Drama,"Postino, Il (1994)"
7,57,M,administrator,91344,Michelle,Wilson,michelle.wilson@yahoo.com,Drama,East of Eden (1955)
8,36,M,administrator,05201,Rebecca,Cooper,rebecca.cooper@gmail.com,Action,Braveheart (1995)
9,29,M,student,01002,Lisa,Armstrong,lisa.armstrong@outlook.com,Drama,Face/Off (1997)
10,53,M,lawyer,90703,Sean,Browning,sean.browning@yahoo.com,Drama,Laura (1944)
11,39,F,other,30329,Andrea,Christian,andrea.christian@gmail.com,Drama,Boys on the Side (1995)
12,28,F,other,06405,Philip,Hernandez,philip.hernandez@yahoo.com,Drama,Philadelphia (1993)
13,47,M,educator,29206,Kristy,Yoder,kristy.yoder@gmail.com,Drama,Field of Dreams (1989)
14,45,M,scientist,55106,Taylor,Watson,taylor.watson@yahoo.com,Drama,"Room with a View, A (1986)"
15,49,F,educator,97301,Jason,Vasquez,jason.vasquez@yahoo.com,Drama,Red Corner (1997)
16,21,M,entertainment,10309,Cheryl,Gonzalez,cheryl.gonzalez@gmail.com,Drama,"Shawshank Redemption, The (1994)"
17,30,M,programmer,06355,Julia,Coleman,julia.coleman@outlook.com,Drama,Swingers (1996)
18,35,F,other,37212,Rachel,Cooke,rachel.cooke@yahoo.com,Drama,"Close Shave, A (1995)"
19,40,M,librarian,02138,April,Ruiz,april.ruiz@yahoo.com,Comedy,Butch Cassidy and the Sundance Kid (1969)
20,42,F,homemaker,95660,Thomas,Martinez,thomas.martinez@outlook.com,Action,Searching for Bobby Fischer (1993)
21,26,M,writer,30068,Beverly,Franco,beverly.franco@yahoo.com,Thriller,Heavenly Creatures (1994)
22,25,M,writer,40206,Nathan,Snyder,nathan.snyder@gmail.com,Comedy,Supercop (1992)
23,30,F,artist,48197,Evan,Wilson,evan.wilson@gmail.com,Drama,Contact (1997)
24,21,F,artist,94533,Martin,Reese,martin.reese@gmail.com,Drama,"Shawshank Redemption, The (1994)"
25,39,M,engineer,55107,Michael,Lee,michael.lee@yahoo.com,Comedy,Return of the Jedi (1983)
26,49,M,engineer,21044,John,Coleman,john.coleman@gmail.com,Drama,Fargo (1996)
27,40,F,librarian,30030,Amy,Diaz,amy.diaz@gmail.com,Thriller,Fargo (1996)
28,32,M,writer,55369,Edwin,Hernandez,edwin.hernandez@outlook.com,Thriller,"Silence of the Lambs, The (1991)"
29,41,M,programmer,94043,Linda,Wilson,linda.wilson@gmail.com,Thriller,"English Patient, The (1996)"
30,7,M,student,55436,Jennifer,Smith,jennifer.smith@yahoo.com,Comedy,Butch Cassidy and the Sundance Kid (1969)
31,24,M,artist,10003,Tammy,Jordan,tammy.jordan@outlook.com,Drama,"Maltese Falcon, The (1941)"
32,28,F,student,78741,Justin,Baker,justin.baker@gmail.com,Comedy,Trainspotting (1996)
33,23,M,student,27510,Scott,Taylor,scott.taylor@gmail.com,Thriller,Titanic (1997)
34,38,F,administrator,42141,Aaron,Brown,aaron.brown@yahoo.com,Drama,Kolya (1996)
35,20,F,homemaker,42459,Steven,Harrison,steven.harrison@yahoo.com,Action,Air Force One (1997)
36,19,F,student,93117,Heather,Hunter,heather.hunter@yahoo.com,Drama,Mad City (1997)
37,23,M,student,55105,Bridget,Scott,bridget.scott@outlook.com,Action,Batman (1989)
38,28,F,other,54467,Karen,Mclaughlin,karen.mclaughlin@gmail.com,Comedy,Aladdin (1992)
39,41,M,entertainment,01040,Casey,Bird,casey.bird@yahoo.com,Drama,Spice World (1997)
40,38,M,scientist,27514,Daniel,Ross,daniel.ross@yahoo.com,Drama,Chasing Amy (1997)
41,33,M,engineer,80525,Mary,Carter,mary.carter@yahoo.com,Drama,Dr. Strangelove or: How I Learned to Stop Worrying and Love the Bomb (1963)
42,30,M,administrator,17870,Troy,Gonzales,troy.gonzales@gmail.com,Drama,E.T. the Extra-Terrestrial (1982)
43,29,F,librarian,20854,Emily,Garcia,emily.garcia@yahoo.com,Comedy,"Shawshank Redemption, The (1994)"
44,26,M,technician,46260,Brittany,Cummings,brittany.cummings@gmail.com,Drama,"Terminator, The (1984)"
45,29,M,programmer,50233,Louis,Ford,louis.ford@gmail.com,Comedy,Mystery Science Theater 3000: The Movie (1996)
46,27,F,marketing,46538,Timothy,Kerr,timothy.kerr@outlook.com,Drama,Seven Years in Tibet (1997)
47,53,M,marketing,07102,Larry,Chen,larry.chen@yahoo.com,Drama,Boogie Nights (1997)
48,45,M,administrator,12550,Lisa,Ross,lisa.ross@outlook.com,Drama,Raiders of the Lost Ark (1981)
49,23,F,student,76111,Mario,Rice,mario.rice@gmail.com,Comedy,Ed Wood (1994)
50,21,M,writer,52245,Lisa,Drake,lisa.drake@yahoo.com,Drama,"Pillow Book, The (1995)"
51,28,M,educator,16509,Damon,Hart,damon.hart@gmail.com,Adventure,Much Ado About Nothing (1993)
52,18,F,student,55105,Allen,Doyle,allen.doyle@yahoo.com,Drama,Stealing Beauty (1996)
53,26,M,programmer,55414,Kylie,Ho,kylie.ho@gmail.com,Action,Raiders of the Lost Ark (1981)
54,22,M,executive,66315,Adam,Mason,adam.mason@outlook.com,Thriller,Ransom (1996)
55,37,M,programmer,01331,Stephanie,Gonzalez,stephanie.gonzalez@outlook.com,Action,Die Hard (1988)
56,25,M,librarian,46260,Joseph,Hughes,joseph.hughes@outlook.com,Comedy,Independence Day (ID4) (1996)
57,16,M,none,84010,Jennifer,Taylor,jennifer.taylor@gmail.com,Comedy,Fly Away Home (1996)
58,27,M,programmer,52246,Linda,Prince,linda.prince@gmail.com,Drama,"Princess Bride, The (1987)"
59,49,M,educator,08403,Brittany,Henderson,brittany.henderson@gmail.com,Drama,Dead Poets Society (1989)
60,50,M,healthcare,06472,Bonnie,Duncan,bonnie.duncan@yahoo.com,Drama,To Kill a Mockingbird (1962)
61,36,M,engineer,30040,Mariah,Carrillo,mariah.carrillo@gmail.com,Thriller,Conspiracy Theory (1997)
62,27,F,administrator,97214,Edward,Heath,edward.heath@yahoo.com,Drama,GoodFellas (1990)
63,31,M,marketing,75240,Brandon,Hall,brandon.hall@gmail.com,Drama,Fargo (1996)
64,32,M,educator,43202,Lori,Moran,lori.moran@yahoo.com,Drama,Local Hero (1983)
65,51,F,educator,48118,Carlos,Thompson,carlos.thompson@gmail.com,Drama,Dead Poets Society (1989)
66,23,M,student,80521,Christopher,Miller,christopher.miller@yahoo.com,Action,Return of the Jedi (1983)
67,17,M,student,60402,Marie,Phillips,marie.phillips@outlook.com,Comedy,"Shawshank Redemption, The (1994)"
68,19,M,student,22904,Natasha,Marsh,natasha.marsh@outlook.com,Drama,Jerry Maguire (1996)
69,24,M,engineer,55337,Amanda,Larsen,amanda.larsen@outlook.com,Drama,When the Cats Away (Chacun cherche son chat) (1996)
70,27,M,engineer,60067,Amber,Barr,amber.barr@outlook.com,Action,Mary Poppins (1964)
71,39,M,scientist,98034,Kara,Jones,kara.jones@yahoo.com,Drama,Blade Runner (1982)
72,48,F,administrator,73034,Colleen,Vaughan,colleen.vaughan@gmail.com,Drama,"Terminator, The (1984)"
73,24,M,student,41850,Wendy,Glenn,wendy.glenn@gmail.com,Drama,"Manchurian Candidate, The (1962)"
74,39,M,scientist,T8H1N,Rebekah,Sanders,rebekah.sanders@gmail.com,Drama,Good Will Hunting (1997)
75,24,M,entertainment,08816,Sarah,Lewis,sarah.lewis@outlook.com,Comedy,Trees Lounge (1996)
76,20,M,student,02215,Jasmine,Hill,jasmine.hill@gmail.com,Drama,2001: A Space Odyssey (1968)
77,30,M,technician,29379,Robert,Montgomery,robert.montgomery@outlook.com,Drama,"Maltese Falcon, The (1941)"
78,26,M,administrator,61801,Tamara,Sherman,tamara.sherman@gmail.com,Comedy,Love! Valour! Compassion! (1997)
79,39,F,administrator,03755,Karen,Chandler,karen.chandler@outlook.com,Drama,Fargo (1996)
80,34,F,administrator,52241,Sherri,Jones,sherri.jones@gmail.com,Drama,Red Rock West (1992)
81,21,M,student,21218,Anna,King,anna.king@yahoo.com,Comedy,"Time to Kill, A (1996)"
82,50,M,programmer,22902,Michael,Brown,michael.brown@gmail.com,Drama,"Shawshank Redemption, The (1994)"
83,40,M,other,44133,Walter,Estrada,walter.estrada@outlook.com,Comedy,"River Wild, The (1994)"
84,32,M,executive,55369,Yvonne,Hill,yvonne.hill@yahoo.com,Drama,"Usual Suspects, The (1995)"
85,51,M,educator,20003,Justin,Taylor,justin.taylor@gmail.com,Drama,"Godfather: Part II, The (1974)"
86,26,M,administrator,46005,Alexander,Fischer,alexander.fischer@gmail.com,Drama,Contact (1997)
87,47,M,administrator,89503,April,Mann,april.mann@gmail.com,Comedy,Jurassic Park (1993)
88,49,F,librarian,11701,Jeffrey,Allen,jeffrey.allen@outlook.com,Drama,Money Talks (1997)
89,43,F,administrator,68106,Grace,Nguyen,grace.nguyen@gmail.com,Drama,When Harry Met Sally... (1989)
90,60,M,educator,78155,Lisa,Sanders,lisa.sanders@yahoo.com,Drama,"Adventures of Priscilla, Queen of the Desert, The (1994)"
91,55,M,marketing,01913,Crystal,Brown,crystal.brown@outlook.com,Drama,E.T. the Extra-Terrestrial (1982)
92,32,M,entertainment,80525,Joshua,Rivera,joshua.rivera@gmail.com,Drama,Independence Day (ID4) (1996)
93,48,M,executive,23112,Jason,Fisher,jason.fisher@gmail.com,Comedy,Mr. Holland's Opus (1995)
94,26,M,student,71457,Rachel,Collins,rachel.collins@yahoo.com,Drama,Glory (1989)
95,31,M,administrator,10707,Jasmine,Lucero,jasmine.lucero@gmail.com,Drama,Toy Story (1995)
96,25,F,artist,75206,Lauren,Anderson,lauren.anderson@outlook.com,Drama,"Nightmare Before Christmas, The (1993)"
97,43,M,artist,98006,Matthew,Jenkins,matthew.jenkins@gmail.com,Drama,Star Trek: The Wrath of Khan (1982)
98,49,F,executive,90291,Jacob,Lewis,jacob.lewis@outlook.com,Comedy,Manhattan (1979)
99,20,M,student,63129,April,Hughes,april.hughes@outlook.com,Drama,Get Shorty (1995)
100,36,M,executive,90254,Charles,Howell,charles.howell@yahoo.com,Drama,As Good As It Gets (1997)
101,15,M,student,05146,Amanda,Stanley,amanda.stanley@outlook.com,Comedy,Jerry Maguire (1996)
102,38,M,programmer,30220,Edgar,Ramsey,edgar.ramsey@outlook.com,Action,"Terminator, The (1984)"
103,26,M,student,55108,Denise,Lee,denise.lee@yahoo.com,Action,"Spitfire Grill, The (1996)"
104,27,M,student,55108,Andrew,Hutchinson,andrew.hutchinson@yahoo.com,Drama,"Full Monty, The (1997)"
105,24,M,engineer,94043,Eric,Patrick,eric.patrick@gmail.com,Drama,Contact (1997)
106,61,M,retired,55125,Ronald,Adams,ronald.adams@outlook.com,Drama,Dances with Wolves (1990)
107,39,M,scientist,60466,Kevin,Diaz,kevin.diaz@outlook.com,Thriller,Boogie Nights (1997)
108,44,M,educator,63130,Aaron,Melendez,aaron.melendez@gmail.com,Drama,Sense and Sensibility (1995)
109,29,M,other,55423,Eric,Kim,eric.kim@yahoo.com,Action,Contact (1997)
110,19,M,student,77840,Joel,Ross,joel.ross@yahoo.com,Action,Titanic (1997)
111,57,M,engineer,90630,Tracy,Hunt,tracy.hunt@outlook.com,Drama,"Full Monty, The (1997)"
112,30,M,salesman,60613,Rebecca,Melton,rebecca.melton@gmail.com,Drama,Evita (1996)
113,47,M,executive,95032,Guy,Rivera,guy.rivera@outlook.com,Drama,"Fan, The (1996)"
114,27,M,programmer,75013,Kathleen,Brown,kathleen.brown@outlook.com,Drama,Brazil (1985)
115,31,M,engineer,17110,David,Carter,david.carter@outlook.com,Drama,Babe (1995)
116,40,M,healthcare,97232,David,Obrien,david.obrien@yahoo.com,Drama,"Godfather: Part II, The (1974)"
117,20,M,student,16125,Olivia,Johnson,olivia.johnson@gmail.com,Action,Chasing Amy (1997)
118,21,M,administrator,90210,Rebecca,Cox,rebecca.cox@outlook.com,Drama,"Shining, The (1980)"
119,32,M,programmer,67401,Steven,Harris,steven.harris@outlook.com,Drama,Backbeat (1993)
120,47,F,other,06260,Thomas,Shannon,thomas.shannon@outlook.com,Drama,"Birdcage, The (1996)"
121,54,M,librarian,99603,Steven,Delgado,steven.delgado@yahoo.com,Drama,"Postino, Il (1994)"
122,32,F,writer,22206,Carolyn,Fox,carolyn.fox@outlook.com,Drama,"Age of Innocence, The (1993)"
123,48,F,artist,20008,Laura,Reynolds,laura.reynolds@yahoo.com,Drama,2001: A Space Odyssey (1968)
124,34,M,student,60615,Jennifer,Nguyen,jennifer.nguyen@gmail.com,Action,Seven (Se7en) (1995)
125,30,M,lawyer,22202,Jo,Richardson,jo.richardson@yahoo.com,Comedy,"Return of the Pink Panther, The (1974)"
126,28,F,lawyer,20015,Janice,Ramos,janice.ramos@yahoo.com,Drama,That Darn Cat! (1997)
127,33,M,none,73439,Robert,Lopez,robert.lopez@outlook.com,Action,Star Trek III: The Search for Spock (1984)
128,24,F,marketing,20009,Erika,Hardy,erika.hardy@outlook.com,Drama,Rear Window (1954)
129,36,F,marketing,07039,Bruce,Hinton,bruce.hinton@outlook.com,Drama,"English Patient, The (1996)"
130,20,M,none,60115,Matthew,Adams,matthew.adams@yahoo.com,Action,Jaws (1975)
131,59,F,administrator,15237,Michael,Smith,michael.smith@outlook.com,Drama,Fargo (1996)
132,24,M,other,94612,Jessica,Sanchez,jessica.sanchez@outlook.com,Drama,Dead Man (1995)
133,53,M,engineer,78602,Paula,Harris,paula.harris@outlook.com,Drama,Contact (1997)
134,31,M,programmer,80236,Nicole,Russell,nicole.russell@gmail.com,Drama,Titanic (1997)
135,23,M,student,38401,Erin,Boyer,erin.boyer@gmail.com,Thriller,"Silence of the Lambs, The (1991)"
136,51,M,other,97365,Jordan,Bender,jordan.bender@gmail.com,Drama,Leaving Las Vegas (1995)
137,50,M,educator,84408,Sheila,Dixon,sheila.dixon@outlook.com,Action,Die Hard (1988)
138,46,M,doctor,53211,James,Miller,james.miller@gmail.com,Drama,"Brothers McMullen, The (1995)"
139,20,M,student,08904,Nathaniel,Evans,nathaniel.evans@outlook.com,Drama,Ulee's Gold (1997)
140,30,F,student,32250,Vanessa,Olson,vanessa.olson@gmail.com,Drama,"English Patient, The (1996)"
141,49,M,programmer,36117,Matthew,Martin,matthew.martin@gmail.com,Comedy,Contact (1997)
142,13,M,other,48118,Monica,Mack,monica.mack@yahoo.com,Comedy,"Wrong Trousers, The (1993)"
143,42,M,technician,08832,Lisa,King,lisa.king@gmail.com,Thriller,"Edge, The (1997)"
144,53,M,programmer,20910,Amanda,Taylor,amanda.taylor@yahoo.com,Drama,"Fish Called Wanda, A (1988)"
145,31,M,entertainment,V3N4P,Stephanie,Weiss,stephanie.weiss@outlook.com,Drama,Jerry Maguire (1996)
146,45,M,artist,83814,Henry,Lane,henry.lane@outlook.com,Drama,"Fast, Cheap & Out of Control (1997)"
147,40,F,librarian,02143,Christopher,Peterson,christopher.peterson@gmail.com,Drama,Ma vie en rose (My Life in Pink) (1997)
148,33,M,engineer,97006,Christopher,Reese,christopher.reese@gmail.com,Drama,"Close Shave, A (1995)"
149,35,F,marketing,17325,Anthony,Hudson,anthony.hudson@gmail.com,Drama,"Full Monty, The (1997)"
150,20,F,artist,02139,Ashley,Nolan,ashley.nolan@outlook.com,Drama,Return of the Jedi (1983)
151,38,F,administrator,48103,James,Vasquez,james.vasquez@yahoo.com,Drama,Richard III (1995)
152,33,F,educator,68767,Ernest,Rodriguez,ernest.rodriguez@outlook.com,Comedy,Executive Decision (1996)
153,25,M,student,60641,Michael,Neal,michael.neal@gmail.com,Action,"Shawshank Redemption, The (1994)"
154,25,M,student,53703,Matthew,Thomas,matthew.thomas@yahoo.com,Drama,Brazil (1985)
155,32,F,other,11217,Melissa,Williams,melissa.williams@yahoo.com,Thriller,"Mrs. Brown (Her Majesty, Mrs. Brown) (1997)"
156,25,M,educator,08360,Brittany,Vasquez,brittany.vasquez@yahoo.com,Drama,Paths of Glory (1957)
157,57,M,engineer,70808,Roy,Randall,roy.randall@gmail.com,Drama,Swingers (1996)
158,50,M,educator,27606,Carol,Morrison,carol.morrison@outlook.com,Action,Devil in a Blue Dress (1995)
159,23,F,student,55346,Gregory,Pearson,gregory.pearson@yahoo.com,Comedy,Grumpier Old Men (1995)
160,27,M,programmer,66215,Billy,Berry,billy.berry@gmail.com,Drama,Jaws (1975)
161,50,M,lawyer,55104,Angel,Sims,angel.sims@yahoo.com,Drama,Groundhog Day (1993)
162,25,M,artist,15610,Carla,Holmes,carla.holmes@gmail.com,Action,Multiplicity (1996)
163,49,M,administrator,97212,Savannah,Rose,savannah.rose@yahoo.com,Drama,As Good As It Gets (1997)
164,47,M,healthcare,80123,Suzanne,Johns,suzanne.johns@yahoo.com,Thriller,Executive Decision (1996)
165,20,F,other,53715,Gary,Johnson,gary.johnson@yahoo.com,Drama,Jeffrey (1995)
166,47,M,educator,55113,Jorge,Villanueva,jorge.villanueva@yahoo.com,Thriller,Conspiracy Theory (1997)
167,37,M,other,L9G2B,Elizabeth,Smith,elizabeth.smith@gmail.com,Drama,Delta of Venus (1994)
168,48,M,other,80127,Robin,Bruce,robin.bruce@outlook.com,Comedy,Willy Wonka and the Chocolate Factory (1971)
169,52,F,other,53705,Joanne,Francis,joanne.francis@yahoo.com,Drama,"Peacemaker, The (1997)"
170,53,F,healthcare,30067,Kathy,Fields,kathy.fields@outlook.com,Thriller,"MatchMaker, The (1997)"
171,48,F,educator,78750,Jennifer,Whitehead,jennifer.whitehead@gmail.com,Drama,Good Will Hunting (1997)
172,55,M,marketing,22207,Stacey,Bautista,stacey.bautista@yahoo.com,Drama,Alien (1979)
173,56,M,other,22306,Tyler,Ferguson,tyler.ferguson@outlook.com,Drama,Conspiracy Theory (1997)
174,30,F,administrator,52302,Joseph,Allison,joseph.allison@outlook.com,Comedy,Apt Pupil (1998)
175,26,F,scientist,21911,Thomas,Hicks,thomas.hicks@outlook.com,Drama,"Godfather, The (1972)"
176,28,M,scientist,07030,Zoe,Scott,zoe.scott@outlook.com,Drama,Lost Highway (1997)
177,20,M,programmer,19104,Anthony,Thomas,anthony.thomas@yahoo.com,Drama,Pulp Fiction (1994)
178,26,M,other,49512,Philip,Rose,philip.rose@outlook.com,Drama,Maverick (1994)
179,15,M,entertainment,20755,Matthew,Case,matthew.case@yahoo.com,Drama,Contact (1997)
180,22,F,administrator,60202,Joel,Lewis,joel.lewis@gmail.com,Drama,Like Water For Chocolate (Como agua para chocolate) (1992)
181,26,M,executive,21218,Mark,Costa,mark.costa@outlook.com,Drama,"Birdcage, The (1996)"
182,36,M,programmer,33884,Matthew,Adams,matthew.adams@gmail.com,Drama,Forrest Gump (1994)
183,33,M,scientist,27708,Erin,Nelson,erin.nelson@yahoo.com,Action,Casablanca (1942)
184,37,M,librarian,76013,April,Ward,april.ward@yahoo.com,Drama,Mother (1996)
185,53,F,librarian,97403,Chris,Hartman,chris.hartman@gmail.com,Drama,Marvin's Room (1996)
186,39,F,executive,00000,Eugene,Allen,eugene.allen@outlook.com,Thriller,Clear and Present Danger (1994)
187,26,M,educator,16801,Julia,Hughes,julia.hughes@outlook.com,Drama,"Shawshank Redemption, The (1994)"
188,42,M,student,29440,Todd,Allen,todd.allen@gmail.com,Drama,"American President, The (1995)"
189,32,M,artist,95014,Christopher,Greene,christopher.greene@outlook.com,Drama,"Great Escape, The (1963)"
190,30,M,administrator,95938,Donna,Monroe,donna.monroe@yahoo.com,Thriller,L.A. Confidential (1997)
191,33,M,administrator,95161,Stephen,Esparza,stephen.esparza@outlook.com,Drama,Titanic (1997)
192,42,M,educator,90840,Lisa,Martinez,lisa.martinez@gmail.com,Drama,Boy's Life 2 (1997)
193,29,M,student,49931,Derrick,Mendoza,derrick.mendoza@gmail.com,Comedy,My Fair Lady (1964)
194,38,M,administrator,02154,Brandon,Leonard,brandon.leonard@gmail.com,Drama,"Great Escape, The (1963)"
195,42,M,scientist,93555,Philip,Boyer,philip.boyer@gmail.com,Drama,Return of the Jedi (1983)
196,49,M,writer,55105,Jay,Knight,jay.knight@outlook.com,Comedy,Stand by Me (1986)
197,55,M,technician,75094,Cheryl,Sanders,cheryl.sanders@gmail.com,Action,Terminator 2: Judgment Day (1991)
198,21,F,student,55414,April,Moran,april.moran@gmail.com,Drama,2001: A Space Odyssey (1968)
199,30,M,writer,17604,Angela,Perez,angela.perez@gmail.com,Drama,Chasing Amy (1997)
200,40,M,programmer,93402,Stephen,Decker,stephen.decker@outlook.com,Action,Star Trek: First Contact (1996)
201,27,M,writer,E2A4H,Jose,Hall,jose.hall@yahoo.com,Drama,Unforgiven (1992)
202,41,F,educator,60201,Aaron,Peterson,aaron.peterson@gmail.com,Drama,It Happened One Night (1934)
203,25,F,student,32301,John,Hunt,john.hunt@gmail.com,Drama,Return of the Jedi (1983)
204,52,F,librarian,10960,Paula,Ramirez,paula.ramirez@gmail.com,Drama,Boogie Nights (1997)
205,47,M,lawyer,06371,Suzanne,Dominguez,suzanne.dominguez@outlook.com,Drama,As Good As It Gets (1997)
206,14,F,student,53115,Victoria,Good,victoria.good@outlook.com,Drama,L.A. Confidential (1997)
207,39,M,marketing,92037,David,Gibson,david.gibson@gmail.com,Drama,Schindler's List (1993)
208,43,M,engineer,01720,Terri,Summers,terri.summers@yahoo.com,Comedy,When Harry Met Sally... (1989)
209,33,F,educator,85710,Joseph,Kim,joseph.kim@gmail.com,Drama,Shall We Dance? (1996)
210,39,M,engineer,03060,Teresa,Mann,teresa.mann@outlook.com,Comedy,Back to the Future (1985)
211,66,M,salesman,32605,Tammy,Jackson,tammy.jackson@yahoo.com,Drama,Men in Black (1997)
212,49,F,educator,61401,Tricia,Jackson,tricia.jackson@gmail.com,Drama,"Graduate, The (1967)"
213,33,M,executive,55345,Catherine,Osborn,catherine.osborn@outlook.com,Drama,Heat (1995)
214,26,F,librarian,11231,Matthew,Mullins,matthew.mullins@outlook.com,Drama,Clerks (1994)
215,35,M,programmer,63033,Wesley,Walker,wesley.walker@outlook.com,Drama,E.T. the Extra-Terrestrial (1982)
216,22,M,engineer,02215,Michael,Frye,michael.frye@yahoo.com,Drama,"Professional, The (1994)"
217,22,M,other,11727,Shawn,Shah,shawn.shah@yahoo.com,Action,Braveheart (1995)
218,37,M,administrator,06513,Michael,Fowler,michael.fowler@outlook.com,Comedy,This Is Spinal Tap (1984)
219,32,M,programmer,43212,Abigail,Schwartz,abigail.schwartz@yahoo.com,Drama,"Clockwork Orange, A (1971)"
220,30,M,librarian,78205,Shannon,Graham,shannon.graham@outlook.com,Drama,Scream (1996)
221,19,M,student,20685,Matthew,Armstrong,matthew.armstrong@yahoo.com,Action,Hoop Dreams (1994)
222,29,M,programmer,27502,Nicholas,Ramirez,nicholas.ramirez@outlook.com,Comedy,Amistad (1997)
223,19,F,student,47906,Donald,Maddox,donald.maddox@outlook.com,Comedy,Winnie the Pooh and the Blustery Day (1968)
224,31,F,educator,43512,Angela,Ford,angela.ford@yahoo.com,Drama,Braveheart (1995)
225,51,F,administrator,58202,Ashley,Sloan,ashley.sloan@gmail.com,Drama,Jerry Maguire (1996)
226,28,M,student,92103,Melanie,Wise,melanie.wise@yahoo.com,Drama,Kolya (1996)
227,46,M,executive,60659,Taylor,Hernandez,taylor.hernandez@outlook.com,Drama,Breakdown (1997)
228,21,F,student,22003,Lisa,Sims,lisa.sims@gmail.com,Drama,Titanic (1997)
229,29,F,librarian,22903,Carrie,Dunlap,carrie.dunlap@gmail.com,Drama,L.A. Confidential (1997)
230,28,F,student,14476,Brandy,Peters,brandy.peters@yahoo.com,Drama,Ransom (1996)
231,48,M,librarian,01080,Joshua,Williams,joshua.williams@yahoo.com,Action,"Spitfire Grill, The (1996)"
232,45,M,scientist,99709,Michael,Gates,michael.gates@yahoo.com,Drama,Casablanca (1942)
233,38,M,engineer,98682,Amanda,Ward,amanda.ward@outlook.com,Drama,Groundhog Day (1993)
234,60,M,retired,94702,Jennifer,Valenzuela,jennifer.valenzuela@gmail.com,Drama,Singin' in the Rain (1952)
235,37,M,educator,22973,Ryan,Russell,ryan.russell@outlook.com,Drama,Four Weddings and a Funeral (1994)
236,44,F,writer,53214,Shawn,Madden,shawn.madden@yahoo.com,Drama,Priest (1994)
237,49,M,administrator,63146,Joshua,Bradford,joshua.bradford@gmail.com,Drama,"Killing Fields, The (1984)"
238,42,F,administrator,44124,Mallory,Martinez,mallory.martinez@yahoo.com,Comedy,Face/Off (1997)
239,39,M,artist,95628,Jennifer,Russell,jennifer.russell@outlook.com,Drama,"Red Firecracker, Green Firecracker (1994)"
240,23,F,educator,20784,Matthew,Dixon,matthew.dixon@yahoo.com,Thriller,Titanic (1997)
241,26,F,student,20001,James,Benitez,james.benitez@outlook.com,Drama,Amistad (1997)
242,33,M,educator,31404,Christopher,Martinez,christopher.martinez@outlook.com,Drama,Beautiful Thing (1996)
243,33,M,educator,60201,Megan,Nelson,megan.nelson@gmail.com,Drama,Breaking the Waves (1996)
244,28,M,technician,80525,Stephen,Kelley,stephen.kelley@yahoo.com,Comedy,Monty Python's Life of Brian (1979)
245,22,M,student,55109,Aaron,Mays,aaron.mays@outlook.com,Comedy,Grumpier Old Men (1995)
246,19,M,student,28734,Katherine,Palmer,katherine.palmer@yahoo.com,Action,Evil Dead II (1987)
247,28,M,engineer,20770,Maria,Jackson,maria.jackson@gmail.com,Drama,Shadowlands (1993)
248,25,M,student,37235,Andrew,Brown,andrew.brown@outlook.com,Action,"Rock, The (1996)"
249,25,M,student,84103,Laura,Price,laura.price@gmail.com,Drama,"Last of the Mohicans, The (1992)"
250,29,M,executive,95110,Molly,Clark,molly.clark@outlook.com,Drama,"Hunchback of Notre Dame, The (1996)"
251,28,M,doctor,85032,Mark,Rodriguez,mark.rodriguez@outlook.com,Action,Romy and Michele's High School Reunion (1997)
252,42,M,engineer,07733,Amy,Miller,amy.miller@yahoo.com,Drama,Dead Man Walking (1995)
253,26,F,librarian,22903,Jacob,Davis,jacob.davis@gmail.com,Drama,"Jungle Book, The (1994)"
254,44,M,educator,42647,Kirk,Lowery,kirk.lowery@outlook.com,Children's,Star Wars (1977)
255,23,M,entertainment,07029,Robert,Boyer,robert.boyer@gmail.com,Thriller,Austin Powers: International Man of Mystery (1997)
256,35,F,none,39042,Todd,Le,todd.le@outlook.com,Action,French Kiss (1995)
257,17,M,student,77005,Jacqueline,Munoz,jacqueline.munoz@outlook.com,Drama,Three Colors: Red (1994)
258,19,F,student,77801,Troy,Butler,troy.butler@gmail.com,Drama,Titanic (1997)
259,21,M,student,48823,Tricia,Rowland,tricia.rowland@outlook.com,Drama,"Usual Suspects, The (1995)"
260,40,F,artist,89801,Teresa,Campbell,teresa.campbell@outlook.com,Thriller,Anna Karenina (1997)
261,28,M,administrator,85202,Rachael,Reese,rachael.reese@outlook.com,Comedy,Boogie Nights (1997)
262,19,F,student,78264,Austin,Nunez,austin.nunez@gmail.com,Drama,"Shawshank Redemption, The (1994)"
263,41,M,programmer,55346,Tina,Daniel,tina.daniel@gmail.com,Drama,Aliens (1986)
264,36,F,writer,90064,Guy,Stevens,guy.stevens@gmail.com,Comedy,"Shining, The (1980)"
265,26,M,executive,84601,Jill,Martinez,jill.martinez@yahoo.com,Drama,Ransom (1996)
266,62,F,administrator,78756,Kimberly,Miller,kimberly.miller@outlook.com,Drama,Sense and Sensibility (1995)
267,23,M,engineer,83716,Jonathan,Kaiser,jonathan.kaiser@gmail.com,Action,Miller's Crossing (1990)
268,24,M,engineer,19422,Ricky,Powell,ricky.powell@outlook.com,Comedy,Patton (1970)
269,31,F,librarian,43201,Rachel,Phillips,rachel.phillips@yahoo.com,Drama,Down by Law (1986)
270,18,F,student,63119,Diane,Johnson,diane.johnson@yahoo.com,Drama,"Birdcage, The (1996)"
271,51,M,engineer,22932,Melissa,Petty,melissa.petty@outlook.com,Drama,"Wizard of Oz, The (1939)"
272,33,M,scientist,53706,Denise,Bailey,denise.bailey@yahoo.com,Drama,12 Angry Men (1957)
273,50,F,other,10016,Thomas,Baker,thomas.baker@gmail.com,Drama,"Big Lebowski, The (1998)"
274,20,F,student,55414,Angela,Lin,angela.lin@yahoo.com,Drama,That Thing You Do! (1996)
275,38,M,engineer,92064,Catherine,Chambers,catherine.chambers@outlook.com,Action,"Silence of the Lambs, The (1991)"
276,21,M,student,95064,Virginia,Moore,virginia.moore@yahoo.com,Drama,"Shawshank Redemption, The (1994)"
277,35,F,administrator,55406,Steven,Cooper,steven.cooper@yahoo.com,Drama,Heat (1995)
278,37,F,librarian,30033,Jessica,Schmitt,jessica.schmitt@yahoo.com,Drama,Rear Window (1954)
279,33,M,programmer,85251,Stephen,Welch,stephen.welch@gmail.com,Comedy,Monty Python's Life of Brian (1979)
280,30,F,librarian,22903,Joshua,Smith,joshua.smith@gmail.com,Drama,"Crying Game, The (1992)"
281,15,F,student,06059,Matthew,Nguyen,matthew.nguyen@yahoo.com,Thriller,Fly Away Home (1996)
282,22,M,administrator,20057,Katelyn,Fox,katelyn.fox@gmail.com,Thriller,Cop Land (1997)
283,28,M,programmer,55305,Kenneth,Davis,kenneth.davis@outlook.com,Comedy,Faithful (1996)
284,40,M,executive,92629,Peter,Perez,peter.perez@yahoo.com,Drama,In & Out (1997)
285,25,M,programmer,53713,Jason,Mora,jason.mora@yahoo.com,Drama,Swingers (1996)
286,27,M,student,15217,Penny,Lopez,penny.lopez@outlook.com,Comedy,Romy and Michele's High School Reunion (1997)
287,21,M,salesman,31211,Rebecca,Hanna,rebecca.hanna@outlook.com,Comedy,Cop Land (1997)
288,34,M,marketing,23226,Yvonne,Stephenson,yvonne.stephenson@outlook.com,Drama,Good Will Hunting (1997)
289,11,M,none,94619,Valerie,Lane,valerie.lane@outlook.com,Action,Con Air (1997)
290,40,M,engineer,93550,Bailey,Andersen,bailey.andersen@yahoo.com,Action,"Sound of Music, The (1965)"
291,19,M,student,44106,Pamela,Patton,pamela.patton@gmail.com,Comedy,Die Hard (1988)
292,35,F,programmer,94703,Kenneth,Warren,kenneth.warren@gmail.com,Drama,Raiders of the Lost Ark (1981)
293,24,M,writer,60804,Katrina,Bell,katrina.bell@gmail.com,Drama,2001: A Space Odyssey (1968)
294,34,M,technician,92110,Krista,Pratt,krista.pratt@outlook.com,Action,Starship Troopers (1997)
295,31,M,educator,50325,Justin,Wells,justin.wells@yahoo.com,Drama,Cape Fear (1991)
296,43,F,administrator,16803,Alexander,Anderson,alexander.anderson@outlook.com,Drama,Singin' in the Rain (1952)
297,29,F,educator,98103,Tammy,Lee,tammy.lee@outlook.com,Drama,Priest (1994)
298,44,M,executive,01581,Holly,Harvey,holly.harvey@gmail.com,Drama,Babe (1995)
299,29,M,doctor,63108,Brooke,Mccall,brooke.mccall@outlook.com,Drama,"Godfather, The (1972)"
300,26,F,programmer,55106,Matthew,Michael,matthew.michael@gmail.com,Comedy,Love Jones (1997)
301,24,M,student,55439,Melanie,Riley,melanie.riley@yahoo.com,Comedy,"Fugitive, The (1993)"
302,42,M,educator,77904,Alice,Miller,alice.miller@outlook.com,Thriller,"Devil's Advocate, The (1997)"
303,19,M,student,14853,Brittany,Reid,brittany.reid@outlook.com,Comedy,Forrest Gump (1994)
304,22,F,student,71701,Amanda,Mcgee,amanda.mcgee@gmail.com,Thriller,Jerry Maguire (1996)
305,23,M,programmer,94086,Connie,Brown,connie.brown@gmail.com,Drama,To Kill a Mockingbird (1962)
306,45,M,other,73132,Christopher,Bell,christopher.bell@gmail.com,Drama,"Postino, Il (1994)"
307,25,M,student,55454,Margaret,Williams,margaret.williams@yahoo.com,Action,Blade Runner (1982)
308,60,M,retired,95076,Alexander,Morgan,alexander.morgan@gmail.com,Drama,"Hudsucker Proxy, The (1994)"
309,40,M,scientist,70802,Louis,Weber,louis.weber@yahoo.com,Drama,G.I. Jane (1997)
310,37,M,educator,91711,Robert,Peters,robert.peters@gmail.com,Romance,Cold Comfort Farm (1995)
311,32,M,technician,73071,Nicole,Ochoa,nicole.ochoa@yahoo.com,Drama,"Silence of the Lambs, The (1991)"
312,48,M,other,02110,Peter,Chavez,peter.chavez@yahoo.com,Drama,Gone with the Wind (1939)
313,41,M,marketing,60035,Heather,Moreno,heather.moreno@outlook.com,Drama,Night of the Living Dead (1968)
314,20,F,student,08043,Audrey,Harris,audrey.harris@gmail.com,Comedy,Apollo 13 (1995)
315,31,M,educator,18301,Madeline,Waller,madeline.waller@outlook.com,Drama,"Ice Storm, The (1997)"
316,43,F,other,77009,George,Williams,george.williams@gmail.com,Drama,"Silence of the Lambs, The (1991)"
317,22,M,administrator,13210,Jeffrey,Ellison,jeffrey.ellison@gmail.com,Thriller,Fallen (1998)
318,65,M,retired,06518,Janet,Gutierrez,janet.gutierrez@outlook.com,Comedy,Men in Black (1997)
319,38,M,programmer,22030,Richard,Schroeder,richard.schroeder@outlook.com,Thriller,Titanic (1997)
320,19,M,student,24060,Megan,Conner,megan.conner@outlook.com,Action,"Good, The Bad and The Ugly, The (1966)"
321,49,F,educator,55413,Briana,Johnson,briana.johnson@yahoo.com,Drama,"39 Steps, The (1935)"
322,20,M,student,50613,Jasmine,Hicks,jasmine.hicks@gmail.com,Drama,"Graduate, The (1967)"
323,21,M,student,19149,Dennis,Ball,dennis.ball@outlook.com,Drama,"Godfather, The (1972)"
324,21,F,student,02176,Aaron,Shaw,aaron.shaw@outlook.com,Drama,"Saint, The (1997)"
325,48,M,technician,02139,Nicole,Marshall,nicole.marshall@outlook.com,Drama,Duck Soup (1933)
326,41,M,administrator,15235,Rachel,Cobb,rachel.cobb@gmail.com,Drama,Star Wars (1977)
327,22,M,student,11101,Norman,Ali,norman.ali@yahoo.com,Drama,Raging Bull (1980)
328,51,M,administrator,06779,Bryan,Payne,bryan.payne@yahoo.com,Drama,"Treasure of the Sierra Madre, The (1948)"
329,48,M,educator,01720,Travis,Reynolds,travis.reynolds@gmail.com,Drama,Lone Star (1996)
330,35,F,educator,33884,Maria,Mcmillan,maria.mcmillan@yahoo.com,Drama,Mr. Smith Goes to Washington (1939)
331,33,M,entertainment,91344,Melissa,Avila,melissa.avila@outlook.com,Drama,Ed Wood (1994)
332,20,M,student,40504,Donald,Krueger,donald.krueger@yahoo.com,Thriller,Casino (1995)
333,47,M,other,V0R2M,Gregory,Day,gregory.day@outlook.com,Comedy,While You Were Sleeping (1995)
334,32,M,librarian,30002,Mary,Brown,mary.brown@yahoo.com,Drama,Rear Window (1954)
335,45,M,executive,33775,Katrina,Reyes,katrina.reyes@gmail.com,Thriller,Wag the Dog (1997)
336,23,M,salesman,42101,Rachel,Ray,rachel.ray@outlook.com,Comedy,Monty Python's Life of Brian (1979)
337,37,M,scientist,10522,Susan,Love,susan.love@yahoo.com,Action,Star Trek IV: The Voyage Home (1986)
338,39,F,librarian,59717,Alan,Henderson,alan.henderson@outlook.com,Comedy,"Close Shave, A (1995)"
339,35,M,lawyer,37901,Cheryl,Arias,cheryl.arias@gmail.com,Drama,"Wizard of Oz, The (1939)"
340,46,M,engineer,80123,Peggy,Rhodes,peggy.rhodes@gmail.com,Comedy,Toy Story (1995)
341,17,F,student,44405,Adam,Horton,adam.horton@yahoo.com,Comedy,Soul Food (1997)
342,25,F,other,98006,Fred,Sanchez,fred.sanchez@gmail.com,Drama,Scream (1996)
343,43,M,engineer,30093,Felicia,Jennings,felicia.jennings@gmail.com,Drama,2001: A Space Odyssey (1968)
344,30,F,librarian,94117,Vanessa,Smith,vanessa.smith@gmail.com,Drama,"Mrs. Brown (Her Majesty, Mrs. Brown) (1997)"
345,28,F,librarian,94143,Sarah,Rocha,sarah.rocha@outlook.com,Drama,Hoop Dreams (1994)
346,34,M,other,76059,Melissa,Powell,melissa.powell@outlook.com,Action,Desperado (1995)
347,18,M,student,90210,William,Wang,william.wang@yahoo.com,Action,Braveheart (1995)
348,24,F,student,45660,William,Bauer,william.bauer@outlook.com,Comedy,"Craft, The (1996)"
349,68,M,retired,61455,Keith,Hunter,keith.hunter@outlook.com,Drama,Angels and Insects (1995)
350,32,M,student,97301,Michelle,Brown,michelle.brown@yahoo.com,Drama,Raiders of the Lost Ark (1981)
351,61,M,educator,49938,Teresa,Logan,teresa.logan@outlook.com,Drama,"Peacemaker, The (1997)"
352,37,F,programmer,55105,Ryan,Sparks,ryan.sparks@outlook.com,Action,GoodFellas (1990)
353,25,M,scientist,28480,Virginia,Noble,virginia.noble@yahoo.com,Drama,"English Patient, The (1996)"
354,29,F,librarian,48197,Vanessa,Brooks,vanessa.brooks@yahoo.com,Drama,Kolya (1996)
355,25,M,student,60135,John,Smith,john.smith@yahoo.com,Thriller,"English Patient, The (1996)"
356,32,F,homemaker,92688,Annette,Frazier,annette.frazier@yahoo.com,Drama,Titanic (1997)
357,26,M,executive,98133,Terrence,Smith,terrence.smith@gmail.com,Comedy,Star Trek: First Contact (1996)
358,40,M,educator,10022,James,Jones,james.jones@gmail.com,Drama,"Wizard of Oz, The (1939)"
359,22,M,student,61801,Stephanie,Ryan,stephanie.ryan@gmail.com,Action,Titanic (1997)
360,51,M,other,98027,Jesse,Wood,jesse.wood@outlook.com,Drama,Lawrence of Arabia (1962)
361,22,M,student,44074,Gina,Pennington,gina.pennington@gmail.com,Drama,"English Patient, The (1996)"
362,35,F,homemaker,85233,Richard,Lee,richard.lee@gmail.com,Thriller,"Game, The (1997)"
363,20,M,student,87501,Jessica,Espinoza,jessica.espinoza@gmail.com,Drama,Flirt (1995)
364,63,M,engineer,01810,Hannah,Horne,hannah.horne@yahoo.com,Drama,She's the One (1996)
365,29,M,lawyer,20009,Michael,Evans,michael.evans@gmail.com,Drama,In & Out (1997)
366,20,F,student,50670,Scott,Blake,scott.blake@gmail.com,Horror,Braindead (1992)
367,17,M,student,37411,Jesse,Hill,jesse.hill@gmail.com,Horror,"Fifth Element, The (1997)"
368,18,M,student,92113,Jennifer,Lee,jennifer.lee@yahoo.com,Horror,From Dusk Till Dawn (1996)
369,24,M,student,91335,Michelle,Clark,michelle.clark@outlook.com,Action,Starship Troopers (1997)
370,52,M,writer,08534,Kaitlin,Holland,kaitlin.holland@gmail.com,Drama,"Hunt for Red October, The (1990)"
371,36,M,engineer,99206,Christina,Parsons,christina.parsons@yahoo.com,Action,Dances with Wolves (1990)
372,25,F,student,66046,William,Martin,william.martin@gmail.com,Thriller,Basic Instinct (1992)
373,24,F,other,55116,Miranda,Morales,miranda.morales@yahoo.com,Drama,Persuasion (1995)
374,36,M,executive,78746,John,Williams,john.williams@gmail.com,Drama,Bound (1996)
375,17,M,entertainment,37777,Dawn,Taylor,dawn.taylor@gmail.com,Thriller,Psycho (1960)
376,28,F,other,10010,Jessica,West,jessica.west@yahoo.com,Drama,"Full Monty, The (1997)"
377,22,M,student,18015,Rachel,Baker,rachel.baker@yahoo.com,Thriller,Scream (1996)
378,35,M,student,02859,Scott,Farmer,scott.farmer@gmail.com,Drama,"Madness of King George, The (1994)"
379,44,M,programmer,98117,Amanda,Allen,amanda.allen@outlook.com,Comedy,Groundhog Day (1993)
380,32,M,engineer,55117,Karen,Gonzalez,karen.gonzalez@yahoo.com,Drama,"Man Who Would Be King, The (1975)"
381,33,M,artist,94608,Jonathan,Miranda,jonathan.miranda@outlook.com,Drama,"Piano, The (1993)"
382,45,M,engineer,01824,Tasha,Riley,tasha.riley@yahoo.com,Drama,Dr. Strangelove or: How I Learned to Stop Worrying and Love the Bomb (1963)
383,42,M,administrator,75204,Michelle,Graham,michelle.graham@yahoo.com,Drama,Dr. Strangelove or: How I Learned to Stop Worrying and Love the Bomb (1963)
384,52,M,programmer,45218,Benjamin,Holmes,benjamin.holmes@yahoo.com,Thriller,Good Will Hunting (1997)
385,36,M,writer,10003,Jason,Livingston,jason.livingston@gmail.com,Drama,Faust (1994)
386,36,M,salesman,43221,Corey,Everett,corey.everett@gmail.com,Action,"Boot, Das (1981)"
387,33,M,entertainment,37412,Tyler,Wagner,tyler.wagner@outlook.com,Drama,Pulp Fiction (1994)
388,31,M,other,36106,Jennifer,Harrison,jennifer.harrison@yahoo.com,Thriller,Titanic (1997)
389,44,F,writer,83702,Marc,Bradley,marc.bradley@gmail.com,Comedy,My Man Godfrey (1936)
390,42,F,writer,85016,Anthony,Wu,anthony.wu@yahoo.com,Drama,Cats Don't Dance (1997)
391,23,M,student,84604,Kenneth,Ruiz,kenneth.ruiz@outlook.com,Drama,Pulp Fiction (1994)
392,52,M,writer,59801,Heather,Davenport,heather.davenport@outlook.com,Drama,12 Angry Men (1957)
393,19,M,student,83686,Alex,Jones,alex.jones@outlook.com,Comedy,Happy Gilmore (1996)
394,25,M,administrator,96819,Deborah,Hernandez,deborah.hernandez@gmail.com,Action,Ace Ventura: Pet Detective (1994)
395,43,M,other,44092,Jamie,Williams,jamie.williams@gmail.com,Drama,"Empire Strikes Back, The (1980)"
396,57,M,engineer,94551,Samantha,Anderson,samantha.anderson@gmail.com,Thriller,Star Trek: First Contact (1996)
397,17,M,student,27514,Scott,Jones,scott.jones@outlook.com,Drama,Twelve Monkeys (1995)
398,40,M,other,60008,Gregory,Phillips,gregory.phillips@outlook.com,Comedy,Forrest Gump (1994)
399,25,M,other,92374,Alexander,Roberts,alexander.roberts@yahoo.com,Drama,White Squall (1996)
400,33,F,administrator,78213,Allison,Dean,allison.dean@yahoo.com,Thriller,Contact (1997)
401,46,F,healthcare,84107,Renee,Lowery,renee.lowery@yahoo.com,Drama,Back to the Future (1985)
402,30,M,engineer,95129,Luis,Conner,luis.conner@outlook.com,Drama,North by Northwest (1959)
403,37,M,other,06811,David,Stephenson,david.stephenson@outlook.com,Comedy,Independence Day (ID4) (1996)
404,29,F,programmer,55108,Jennifer,Miller,jennifer.miller@yahoo.com,Thriller,Titanic (1997)
405,22,F,healthcare,10019,Charlotte,Smith,charlotte.smith@outlook.com,Drama,Indiana Jones and the Last Crusade (1989)
406,52,M,educator,93109,Robert,Schmidt,robert.schmidt@gmail.com,Drama,Hoop Dreams (1994)
407,29,M,engineer,03261,Kathryn,Hill,kathryn.hill@outlook.com,Comedy,Raiders of the Lost Ark (1981)
408,23,M,student,61755,Scott,Mccoy,scott.mccoy@gmail.com,Drama,"Saint, The (1997)"
409,48,M,administrator,98225,George,Swanson,george.swanson@yahoo.com,Drama,Star Wars (1977)
410,30,F,artist,94025,Steven,Santiago,steven.santiago@outlook.com,Drama,Titanic (1997)
411,34,M,educator,44691,Jaime,Aguirre,jaime.aguirre@gmail.com,Action,"Empire Strikes Back, The (1980)"
412,25,M,educator,15222,Kimberly,Hunt,kimberly.hunt@gmail.com,Drama,Schindler's List (1993)
413,55,M,educator,78212,Lawrence,Christian,lawrence.christian@yahoo.com,Drama,Lone Star (1996)
414,24,M,programmer,38115,Dustin,Floyd,dustin.floyd@outlook.com,Thriller,Fargo (1996)
415,39,M,educator,85711,Erin,Wagner,erin.wagner@outlook.com,Thriller,Kaspar Hauser (1993)
416,20,F,student,92626,Michelle,Ward,michelle.ward@outlook.com,Drama,Phenomenon (1996)
417,27,F,other,48103,Zachary,Morgan,zachary.morgan@yahoo.com,Comedy,Much Ado About Nothing (1993)
418,55,F,none,21206,Regina,Scott,regina.scott@yahoo.com,Thriller,"Full Monty, The (1997)"
419,37,M,lawyer,43215,Gary,Kelly,gary.kelly@yahoo.com,Romance,Singin' in the Rain (1952)
420,53,M,educator,02140,Brittany,Dennis,brittany.dennis@gmail.com,Drama,Emma (1996)
421,38,F,programmer,55105,Crystal,Daniels,crystal.daniels@yahoo.com,Thriller,"Birds, The (1963)"
422,26,M,entertainment,94533,Joshua,Sosa,joshua.sosa@yahoo.com,Drama,"City of Lost Children, The (1995)"
423,64,M,other,91606,Felicia,Werner,felicia.werner@yahoo.com,Drama,Good Will Hunting (1997)
424,36,F,marketing,55422,Kristina,King,kristina.king@yahoo.com,Drama,Dead Man Walking (1995)
425,19,M,student,58644,Monica,Hawkins,monica.hawkins@yahoo.com,Action,Starship Troopers (1997)
426,55,M,educator,01602,Jenny,Martinez,jenny.martinez@yahoo.com,Drama,North by Northwest (1959)
427,51,M,doctor,85258,Stephen,Frazier,stephen.frazier@gmail.com,Drama,"Smile Like Yours, A (1997)"
428,28,M,student,55414,Clinton,Jones,clinton.jones@yahoo.com,Drama,Seven Years in Tibet (1997)
429,27,M,student,29205,Gregory,Hill,gregory.hill@outlook.com,Drama,"Remains of the Day, The (1993)"
430,38,M,scientist,98199,Kenneth,Wilson,kenneth.wilson@outlook.com,Drama,Bound (1996)
431,24,M,marketing,92629,Timothy,Gross,timothy.gross@outlook.com,Thriller,Liar Liar (1997)
432,22,M,entertainment,50311,William,Johnson,william.johnson@outlook.com,Comedy,Jerry Maguire (1996)
433,27,M,artist,11211,Shannon,Carter,shannon.carter@yahoo.com,Drama,L.A. Confidential (1997)
434,16,F,student,49705,David,Stewart,david.stewart@outlook.com,Comedy,Broken Arrow (1996)
435,24,M,engineer,60007,Kimberly,Rios,kimberly.rios@outlook.com,Comedy,Like Water For Chocolate (Como agua para chocolate) (1992)
436,30,F,administrator,17345,Sara,Bishop,sara.bishop@outlook.com,Drama,Pump Up the Volume (1990)
437,27,F,other,20009,Aaron,Foley,aaron.foley@yahoo.com,Drama,"Umbrellas of Cherbourg, The (Parapluies de Cherbourg, Les) (1964)"
438,51,F,administrator,43204,Kathleen,Jones,kathleen.jones@yahoo.com,Comedy,"First Wives Club, The (1996)"
439,23,F,administrator,20817,Tony,Brown,tony.brown@outlook.com,Drama,"Postino, Il (1994)"
440,30,M,other,48076,Jennifer,Sanders,jennifer.sanders@yahoo.com,Drama,"Life Less Ordinary, A (1997)"
441,50,M,technician,55013,Valerie,Vasquez,valerie.vasquez@yahoo.com,Comedy,Toy Story (1995)
442,22,M,student,85282,Linda,Mora,linda.mora@outlook.com,Action,Escape from New York (1981)
443,35,M,salesman,33308,Ashley,Hunter,ashley.hunter@gmail.com,Action,Contact (1997)
444,51,F,lawyer,53202,Stephanie,White,stephanie.white@yahoo.com,Drama,Star Wars (1977)
445,21,M,writer,92653,Cynthia,Townsend,cynthia.townsend@gmail.com,Drama,Trainspotting (1996)
446,57,M,educator,60201,Jeffrey,Knight,jeffrey.knight@yahoo.com,Drama,Rosewood (1997)
447,30,M,administrator,55113,Sharon,Peterson,sharon.peterson@gmail.com,Drama,Independence Day (ID4) (1996)
448,23,M,entertainment,10021,Abigail,Duran,abigail.duran@gmail.com,Drama,"Full Monty, The (1997)"
449,23,M,librarian,55021,William,Adams,william.adams@outlook.com,Drama,Big Night (1996)
450,35,F,educator,11758,Veronica,Pruitt,veronica.pruitt@yahoo.com,Drama,Tombstone (1993)
451,16,M,student,48446,Jonathon,Kelley,jonathon.kelley@yahoo.com,Drama,Liar Liar (1997)
452,35,M,administrator,28018,Ashley,Black,ashley.black@outlook.com,Drama,Amadeus (1984)
453,18,M,student,06333,William,Cook,william.cook@yahoo.com,Drama,Chasing Amy (1997)
454,57,M,other,97330,April,Fuller,april.fuller@outlook.com,Drama,Good Will Hunting (1997)
455,48,M,administrator,83709,Krista,Roberts,krista.roberts@gmail.com,Drama,2001: A Space Odyssey (1968)
456,24,M,technician,31820,Brenda,Harris,brenda.harris@gmail.com,Drama,Vertigo (1958)
457,33,F,salesman,30011,Lynn,Rose,lynn.rose@yahoo.com,Drama,Raging Bull (1980)
458,47,M,technician,Y1A6B,Laura,Campos,laura.campos@outlook.com,Drama,Amadeus (1984)
459,22,M,student,29201,Gabriella,Crawford,gabriella.crawford@yahoo.com,Action,Independence Day (ID4) (1996)
460,44,F,other,60630,Ashley,Huber,ashley.huber@yahoo.com,Drama,"Wings of the Dove, The (1997)"
461,15,M,student,98102,Danielle,Hudson,danielle.hudson@yahoo.com,Comedy,Until the End of the World (Bis ans Ende der Welt) (1991)
462,19,F,student,02918,Michael,Yu,michael.yu@gmail.com,Drama,I Know What You Did Last Summer (1997)
463,48,F,healthcare,75218,Elizabeth,Ramsey,elizabeth.ramsey@gmail.com,Drama,"Godfather, The (1972)"
464,60,M,writer,94583,Richard,Chaney,richard.chaney@yahoo.com,Thriller,"Full Monty, The (1997)"
465,32,M,other,05001,Sherry,Anderson,sherry.anderson@yahoo.com,Drama,"Shawshank Redemption, The (1994)"
466,22,M,student,90804,Laura,Long,laura.long@yahoo.com,Action,"Edge, The (1997)"
467,29,M,engineer,91201,Debra,Flynn,debra.flynn@yahoo.com,Drama,Mystery Science Theater 3000: The Movie (1996)
468,28,M,engineer,02341,Sara,Mullen,sara.mullen@outlook.com,Drama,This Is Spinal Tap (1984)
469,60,M,educator,78628,Barbara,Bell,barbara.bell@outlook.com,Drama,"Third Man, The (1949)"
470,24,M,programmer,10021,Andrea,Randolph,andrea.randolph@gmail.com,Drama,Star Wars (1977)
471,10,M,student,77459,Audrey,Andrade,audrey.andrade@outlook.com,Children's,Homeward Bound: The Incredible Journey (1993)
472,24,M,student,87544,Andrew,Moore,andrew.moore@outlook.com,Action,Seven (Se7en) (1995)
473,29,M,student,94708,Glen,Vega,glen.vega@gmail.com,Drama,Heat (1995)
474,51,M,executive,93711,Andrea,Jackson,andrea.jackson@yahoo.com,Drama,Babe (1995)
475,30,M,programmer,75230,Todd,Parker,todd.parker@yahoo.com,Drama,Fargo (1996)
476,28,M,student,60440,Andrew,Black,andrew.black@outlook.com,Comedy,"Sting, The (1973)"
477,23,F,student,02125,Timothy,Leon,timothy.leon@outlook.com,Romance,One Fine Day (1996)
478,29,M,other,10019,Lisa,Little,lisa.little@outlook.com,Comedy,"Sound of Music, The (1965)"
479,30,M,educator,55409,Debbie,Wilson,debbie.wilson@gmail.com,Action,Monty Python and the Holy Grail (1974)
480,57,M,retired,98257,Dana,Tran,dana.tran@gmail.com,Drama,Henry V (1989)
481,73,M,retired,37771,Zachary,Smith,zachary.smith@yahoo.com,Comedy,"Great Dictator, The (1940)"
482,18,F,student,40256,Andrew,Cordova,andrew.cordova@gmail.com,Action,Titanic (1997)
483,29,M,scientist,43212,Damon,Calhoun,damon.calhoun@outlook.com,Action,Mystery Science Theater 3000: The Movie (1996)
484,27,M,student,21208,Joseph,Miller,joseph.miller@outlook.com,Action,Four Weddings and a Funeral (1994)
485,44,F,educator,95821,Morgan,Macdonald,morgan.macdonald@outlook.com,Drama,Kolya (1996)
486,39,M,educator,93101,Megan,Walker,megan.walker@gmail.com,Drama,Courage Under Fire (1996)
487,22,M,engineer,92121,Courtney,Kidd,courtney.kidd@gmail.com,Drama,Up Close and Personal (1996)
488,48,M,technician,21012,Michael,Pittman,michael.pittman@yahoo.com,Drama,Rudy (1993)
489,55,M,other,45218,Katherine,Lawrence,katherine.lawrence@gmail.com,Drama,Star Kid (1997)
490,29,F,artist,V5A2B,Jennifer,Davis,jennifer.davis@outlook.com,Drama,Swingers (1996)
491,43,F,writer,53711,Christopher,Price,christopher.price@yahoo.com,Drama,Eat Drink Man Woman (1994)
492,57,M,educator,94618,Jacqueline,Wood,jacqueline.wood@gmail.com,Drama,Schindler's List (1993)
493,22,M,engineer,60090,Danny,Lucero,danny.lucero@gmail.com,Action,Forrest Gump (1994)
494,38,F,administrator,49428,Anthony,Hernandez,anthony.hernandez@outlook.com,Drama,"Shawshank Redemption, The (1994)"
495,29,M,engineer,03052,Sean,Waller,sean.waller@outlook.com,Action,Raiders of the Lost Ark (1981)
496,21,F,student,55414,Christopher,Ray,christopher.ray@gmail.com,Drama,Immortal Beloved (1994)
497,20,M,student,50112,Joseph,Jones,joseph.jones@gmail.com,Action,Top Gun (1986)
498,26,M,writer,55408,Gail,Rose,gail.rose@outlook.com,Drama,Raging Bull (1980)
499,42,M,programmer,75006,Matthew,Sexton,matthew.sexton@gmail.com,Drama,Lawrence of Arabia (1962)
500,28,M,administrator,94305,Johnathan,Gutierrez,johnathan.gutierrez@gmail.com,Drama,Ninotchka (1939)
501,22,M,student,10025,Christina,Daniel,christina.daniel@outlook.com,Drama,"Godfather, The (1972)"
502,22,M,student,23092,Lisa,Dickson,lisa.dickson@outlook.com,Thriller,Scream (1996)
503,50,F,writer,27514,Billy,Owens,billy.owens@outlook.com,Drama,Return of the Jedi (1983)
504,40,F,writer,92115,Juan,Johnson,juan.johnson@yahoo.com,Drama,My Favorite Year (1982)
505,27,F,other,20657,Joshua,Andrews,joshua.andrews@yahoo.com,Drama,"African Queen, The (1951)"
506,46,M,programmer,03869,Aaron,Brown,aaron.brown@gmail.com,Comedy,His Girl Friday (1940)
507,18,F,writer,28450,Lonnie,Marsh,lonnie.marsh@gmail.com,Action,Alien: Resurrection (1997)
508,27,M,marketing,19382,William,Ryan,william.ryan@yahoo.com,Comedy,"Empire Strikes Back, The (1980)"
509,23,M,administrator,10011,Joshua,Pena,joshua.pena@gmail.com,Action,Star Wars (1977)
510,34,M,other,98038,Julie,Vaughn,julie.vaughn@gmail.com,Drama,Air Force One (1997)
511,22,M,student,21250,Valerie,Lee,valerie.lee@gmail.com,Thriller,Rosewood (1997)
512,29,M,other,20090,Andrew,Lynn,andrew.lynn@gmail.com,Drama,Nikita (La Femme Nikita) (1990)
513,43,M,administrator,26241,Jenny,Cruz,jenny.cruz@yahoo.com,Action,"Rock, The (1996)"
514,27,M,programmer,20707,Alan,Jackson,alan.jackson@yahoo.com,Drama,Terminator 2: Judgment Day (1991)
515,53,M,marketing,49508,Joseph,Wilson,joseph.wilson@gmail.com,Drama,Air Force One (1997)
516,53,F,librarian,10021,Virginia,Price,virginia.price@yahoo.com,Drama,"Big Lebowski, The (1998)"
517,24,M,student,55454,Javier,Keith,javier.keith@outlook.com,Action,Air Force One (1997)
518,49,F,writer,99709,Brittany,Guerrero,brittany.guerrero@yahoo.com,Drama,"Birdcage, The (1996)"
519,22,M,other,55320,Christopher,Doyle,christopher.doyle@outlook.com,Drama,Hugo Pool (1997)
520,62,M,healthcare,12603,Sheila,Reynolds,sheila.reynolds@gmail.com,Drama,"Full Monty, The (1997)"
521,19,M,student,02146,Jacob,Allen,jacob.allen@outlook.com,Action,Akira (1988)
522,36,M,engineer,55443,Jennifer,Hamilton,jennifer.hamilton@yahoo.com,Drama,Fargo (1996)
523,50,F,administrator,04102,Theodore,Lawson,theodore.lawson@gmail.com,Comedy,Wallace & Gromit: The Best of Aardman Animation (1996)
524,56,M,educator,02159,Kyle,Johnson,kyle.johnson@yahoo.com,Drama,Patton (1970)
525,27,F,administrator,19711,Erika,Kane,erika.kane@outlook.com,Drama,Leaving Las Vegas (1995)
526,30,M,marketing,97124,Peter,Washington,peter.washington@outlook.com,Drama,"Full Monty, The (1997)"
527,33,M,librarian,12180,Phillip,Williams,phillip.williams@gmail.com,Drama,"Godfather, The (1972)"
528,18,M,student,55104,Troy,Garcia,troy.garcia@gmail.com,Comedy,Sneakers (1992)
529,47,F,administrator,44224,Patricia,Garcia,patricia.garcia@outlook.com,Thriller,"Devil's Advocate, The (1997)"
530,29,M,engineer,94040,Jessica,Smith,jessica.smith@yahoo.com,Drama,12 Angry Men (1957)
531,30,F,salesman,97408,Reginald,Mann,reginald.mann@outlook.com,Drama,Anna Karenina (1997)
532,20,M,student,92705,Emily,Johnson,emily.johnson@gmail.com,Drama,Rear Window (1954)
533,43,M,librarian,02324,Andrew,Allen,andrew.allen@gmail.com,Drama,Star Wars (1977)
534,20,M,student,05464,Anna,Padilla,anna.padilla@outlook.com,Comedy,Jackie Chan's First Strike (1996)
535,45,F,educator,80302,Nicole,Glenn,nicole.glenn@outlook.com,Drama,Ninotchka (1939)
536,38,M,engineer,30078,Charles,Hale,charles.hale@yahoo.com,Drama,Raiders of the Lost Ark (1981)
537,36,M,engineer,22902,Kaitlyn,Cowan,kaitlyn.cowan@gmail.com,Drama,Citizen Kane (1941)
538,31,M,scientist,21010,Ryan,Barnett,ryan.barnett@yahoo.com,Drama,Amadeus (1984)
539,53,F,administrator,80303,Elizabeth,David,elizabeth.david@yahoo.com,Drama,"Adventures of Priscilla, Queen of the Desert, The (1994)"
540,28,M,engineer,91201,John,Brown,john.brown@outlook.com,Drama,Fargo (1996)
541,19,F,student,84302,Christina,Perez,christina.perez@gmail.com,Comedy,Indiana Jones and the Last Crusade (1989)
542,21,M,student,60515,Taylor,Parker,taylor.parker@gmail.com,Comedy,Pulp Fiction (1994)
543,33,M,scientist,95123,Jennifer,Reid,jennifer.reid@gmail.com,Drama,2001: A Space Odyssey (1968)
544,44,F,other,29464,George,Flynn,george.flynn@outlook.com,Drama,Titanic (1997)
545,27,M,technician,08052,Zachary,Morales,zachary.morales@gmail.com,Action,Indiana Jones and the Last Crusade (1989)
546,36,M,executive,22911,Karen,Scott,karen.scott@outlook.com,Action,Twister (1996)
547,50,M,educator,14534,Megan,Meza,megan.meza@yahoo.com,Drama,As Good As It Gets (1997)
548,51,M,writer,95468,Gerald,Carter,gerald.carter@gmail.com,Thriller,Heat (1995)
549,42,M,scientist,45680,Michael,Dean,michael.dean@yahoo.com,Action,Star Wars (1977)
550,16,F,student,95453,Margaret,Jones,margaret.jones@outlook.com,Action,Dante's Peak (1997)
551,25,M,programmer,55414,Ashley,Guerrero,ashley.guerrero@outlook.com,Drama,In the Line of Fire (1993)
552,45,M,other,68147,Peter,Baker,peter.baker@outlook.com,Comedy,In & Out (1997)
553,58,M,educator,62901,Carrie,Archer,carrie.archer@outlook.com,Drama,Dial M for Murder (1954)
554,32,M,scientist,62901,Nicholas,Davis,nicholas.davis@outlook.com,Drama,"Silence of the Lambs, The (1991)"
555,29,F,educator,23227,Laura,Caldwell,laura.caldwell@yahoo.com,Comedy,Citizen Ruth (1996)
556,35,F,educator,30606,Christy,Garcia,christy.garcia@yahoo.com,Drama,Cop Land (1997)
557,30,F,writer,11217,Bradley,Pugh,bradley.pugh@gmail.com,Drama,Babe (1995)
558,56,F,writer,63132,Dawn,Turner,dawn.turner@outlook.com,Drama,Cold Comfort Farm (1995)
559,69,M,executive,10022,Carol,Ortega,carol.ortega@gmail.com,Drama,Full Metal Jacket (1987)
560,32,M,student,10003,Todd,Copeland,todd.copeland@gmail.com,Drama,Contact (1997)
561,23,M,engineer,60005,Jeffrey,Lopez,jeffrey.lopez@gmail.com,Drama,Taxi Driver (1976)
562,54,F,administrator,20879,Riley,Delgado,riley.delgado@gmail.com,Drama,"Birds, The (1963)"
563,39,F,librarian,32707,Jessica,Butler,jessica.butler@gmail.com,Comedy,"American President, The (1995)"
564,65,M,retired,94591,Christine,Conner,christine.conner@gmail.com,Action,Independence Day (ID4) (1996)
565,40,M,student,55422,Christine,Simmons,christine.simmons@yahoo.com,Drama,"Madness of King George, The (1994)"
566,20,M,student,14627,Kimberly,Campbell,kimberly.campbell@outlook.com,Drama,Before the Rain (Pred dozhdot) (1994)
567,24,M,entertainment,10003,Jamie,Patterson,jamie.patterson@gmail.com,Drama,"Die xue shuang xiong (Killer, The) (1989)"
568,39,M,educator,01915,Jared,Green,jared.green@outlook.com,Drama,All About Eve (1950)
569,34,M,educator,91903,Carrie,Lawrence,carrie.lawrence@outlook.com,Drama,"Spitfire Grill, The (1996)"
570,26,M,educator,14627,Carol,Rice,carol.rice@gmail.com,Drama,Ulee's Gold (1997)
571,34,M,artist,01945,Bethany,Adams,bethany.adams@gmail.com,Drama,Lone Star (1996)
572,51,M,educator,20003,Anthony,Franklin,anthony.franklin@outlook.com,Drama,Lone Star (1996)
573,68,M,retired,48911,Larry,Middleton,larry.middleton@gmail.com,Drama,M*A*S*H (1970)
574,56,M,educator,53188,Timothy,Wolf,timothy.wolf@gmail.com,Drama,Contact (1997)
575,33,M,marketing,46032,Suzanne,Riley,suzanne.riley@yahoo.com,Drama,"Princess Bride, The (1987)"
576,48,M,executive,98281,Karen,Elliott,karen.elliott@yahoo.com,Drama,Up Close and Personal (1996)
577,36,F,student,77845,Hailey,Cameron,hailey.cameron@yahoo.com,Drama,Aladdin (1992)
578,31,M,administrator,M7A1A,Michael,Coleman,michael.coleman@outlook.com,Action,Titanic (1997)
579,32,M,educator,48103,Brittney,Hernandez,brittney.hernandez@yahoo.com,Comedy,Much Ado About Nothing (1993)
580,16,M,student,17961,Kenneth,Mcdowell,kenneth.mcdowell@gmail.com,Action,Return of the Jedi (1983)
581,37,M,other,94131,Nancy,Tapia,nancy.tapia@gmail.com,Drama,"City of Lost Children, The (1995)"
582,17,M,student,93003,Samantha,Russo,samantha.russo@outlook.com,Action,Amistad (1997)
583,44,M,engineer,29631,Jeffrey,Davis,jeffrey.davis@outlook.com,Drama,"Usual Suspects, The (1995)"
584,25,M,student,27511,Christine,Carroll,christine.carroll@yahoo.com,Action,Titanic (1997)
585,69,M,librarian,98501,Raven,Burns,raven.burns@outlook.com,Drama,"Secret of Roan Inish, The (1994)"
586,20,M,student,79508,Timothy,Ramirez,timothy.ramirez@gmail.com,Action,Interview with the Vampire (1994)
587,26,M,other,14216,Kevin,Hamilton,kevin.hamilton@yahoo.com,Drama,Good Will Hunting (1997)
588,18,F,student,93063,Johnathan,Case,johnathan.case@gmail.com,Drama,Mallrats (1995)
589,21,M,lawyer,90034,Ryan,Nelson,ryan.nelson@outlook.com,Thriller,Titanic (1997)
590,50,M,educator,82435,Emily,Sanders,emily.sanders@gmail.com,Drama,Secrets & Lies (1996)
591,57,F,librarian,92093,Robin,Williams,robin.williams@yahoo.com,Comedy,"Red Firecracker, Green Firecracker (1994)"
592,18,M,student,97520,Amy,Lee,amy.lee@outlook.com,Drama,Lone Star (1996)
593,31,F,educator,68767,Tiffany,Davis,tiffany.davis@gmail.com,Drama,"Christmas Carol, A (1938)"
594,46,M,educator,M4J2K,Erin,Rivera,erin.rivera@gmail.com,Drama,"Boot, Das (1981)"
595,25,M,programmer,31909,Thomas,Alvarez,thomas.alvarez@gmail.com,Drama,Get on the Bus (1996)
596,20,M,artist,77073,Mitchell,Lee,mitchell.lee@outlook.com,Thriller,Titanic (1997)
597,23,M,other,84116,Mark,Ortiz,mark.ortiz@yahoo.com,Action,Air Force One (1997)
598,40,F,marketing,43085,Ashley,Carpenter,ashley.carpenter@outlook.com,Drama,Titanic (1997)
599,22,F,student,R3T5K,Brenda,Harris,brenda.harris@outlook.com,Romance,"Time to Kill, A (1996)"
600,34,M,programmer,02320,Cynthia,Garrett,cynthia.garrett@outlook.com,Action,"Godfather, The (1972)"
601,19,F,artist,99687,Brianna,Cooke,brianna.cooke@outlook.com,Drama,Return of the Jedi (1983)
602,47,F,other,34656,Carol,Shepherd,carol.shepherd@gmail.com,Action,Star Wars (1977)
603,21,M,programmer,47905,Jenny,Lamb,jenny.lamb@yahoo.com,Action,Seven (Se7en) (1995)
604,39,M,educator,11787,Theresa,Colon,theresa.colon@yahoo.com,Horror,Jaws (1975)
605,33,M,engineer,33716,Michael,Burns,michael.burns@gmail.com,Drama,"Godfather, The (1972)"
606,28,M,programmer,63044,Timothy,Thompson,timothy.thompson@yahoo.com,Drama,Cinderella (1950)
607,49,F,healthcare,02154,Jeremy,Oconnor,jeremy.oconnor@gmail.com,Drama,Lawrence of Arabia (1962)
608,22,M,other,10003,Kathryn,Shields,kathryn.shields@outlook.com,Drama,"Women, The (1939)"
609,13,F,student,55106,Robert,Allen,robert.allen@yahoo.com,Comedy,Marvin's Room (1996)
610,22,M,student,21227,Barbara,Rivas,barbara.rivas@yahoo.com,Drama,Casablanca (1942)
611,46,M,librarian,77008,Kyle,Wilson,kyle.wilson@gmail.com,Drama,Air Force One (1997)
612,36,M,educator,79070,Michael,Charles,michael.charles@outlook.com,Comedy,"Little Princess, A (1995)"
613,37,F,marketing,29678,Caleb,Fowler,caleb.fowler@gmail.com,Drama,Contact (1997)
614,54,M,educator,80227,Jeremiah,Cooper,jeremiah.cooper@gmail.com,Drama,Fargo (1996)
615,38,M,educator,27705,Heidi,Rice,heidi.rice@yahoo.com,Drama,Manhattan (1979)
616,55,M,scientist,50613,Gabriela,Ewing,gabriela.ewing@yahoo.com,Thriller,Amistad (1997)
617,27,F,writer,11201,Lisa,Williams,lisa.williams@outlook.com,Horror,Psycho (1960)
618,15,F,student,44212,Christine,Mills,christine.mills@gmail.com,Drama,Psycho (1960)
619,17,M,student,44134,Melissa,Spencer,melissa.spencer@outlook.com,Action,"Rock, The (1996)"
620,18,F,writer,81648,Jeffrey,Clay,jeffrey.clay@outlook.com,Children's,"Lion King, The (1994)"
621,17,M,student,60402,James,Jackson,james.jackson@outlook.com,Comedy,2001: A Space Odyssey (1968)
622,25,M,programmer,14850,Leah,Wells,leah.wells@gmail.com,Action,"Usual Suspects, The (1995)"
623,50,F,educator,60187,Colleen,Thompson,colleen.thompson@gmail.com,Comedy,Star Wars (1977)
624,19,M,student,30067,Kathleen,Estrada,kathleen.estrada@gmail.com,Drama,Star Wars (1977)
625,27,M,programmer,20723,Jonathan,Sandoval,jonathan.sandoval@gmail.com,Comedy,Terminator 2: Judgment Day (1991)
626,23,M,scientist,19807,Shane,Davis,shane.davis@outlook.com,Thriller,"English Patient, The (1996)"
627,24,M,engineer,08034,Michael,Best,michael.best@yahoo.com,Drama,"Clockwork Orange, A (1971)"
628,13,M,none,94306,Natasha,Roberts,natasha.roberts@outlook.com,Drama,Gattaca (1997)
629,46,F,other,44224,Debbie,Swanson,debbie.swanson@yahoo.com,Drama,"Killing Fields, The (1984)"
630,26,F,healthcare,55408,Lauren,Lee,lauren.lee@yahoo.com,Drama,"First Wives Club, The (1996)"
631,18,F,student,38866,Christine,Duffy,christine.duffy@outlook.com,Drama,Good Will Hunting (1997)
632,18,M,student,55454,Robin,Crawford,robin.crawford@yahoo.com,Drama,Terminator 2: Judgment Day (1991)
633,35,M,programmer,55414,Katie,Gardner,katie.gardner@yahoo.com,Action,"Fugitive, The (1993)"
634,39,M,engineer,T8H1N,Christian,Davis,christian.davis@gmail.com,Drama,Jerry Maguire (1996)
635,22,M,other,23237,Justin,Rogers,justin.rogers@gmail.com,Thriller,"Full Monty, The (1997)"
636,47,M,educator,48043,William,Torres,william.torres@outlook.com,Drama,Star Trek: First Contact (1996)
637,30,M,other,74101,William,Branch,william.branch@gmail.com,Drama,Seven Years in Tibet (1997)
638,45,M,engineer,01940,Kenneth,Gray,kenneth.gray@outlook.com,Action,Return of the Jedi (1983)
639,42,F,librarian,12065,James,Reeves,james.reeves@outlook.com,Drama,Roman Holiday (1953)
640,20,M,student,61801,Mark,Leon,mark.leon@yahoo.com,Comedy,With Honors (1994)
641,24,M,student,60626,Jennifer,Perez,jennifer.perez@yahoo.com,Drama,"Maltese Falcon, The (1941)"
642,18,F,student,95521,Rachel,Mckenzie,rachel.mckenzie@yahoo.com,Comedy,Hamlet (1996)
643,39,M,scientist,55122,Richard,Simpson,richard.simpson@gmail.com,Comedy,Pulp Fiction (1994)
644,51,M,retired,63645,Katie,Roberts,katie.roberts@outlook.com,Action,Air Force One (1997)
645,27,M,programmer,53211,Harry,Kim,harry.kim@yahoo.com,Drama,"Clockwork Orange, A (1971)"
646,17,F,student,51250,Rhonda,Gutierrez,rhonda.gutierrez@outlook.com,Drama,Titanic (1997)
647,40,M,educator,45810,Julie,Flores,julie.flores@yahoo.com,Action,Braveheart (1995)
648,43,M,engineer,91351,Mike,Horton,mike.horton@outlook.com,Comedy,Terminator 2: Judgment Day (1991)
649,20,M,student,39762,Jennifer,Elliott,jennifer.elliott@yahoo.com,Action,Toy Story (1995)
650,42,M,engineer,83814,Scott,Cannon,scott.cannon@gmail.com,Drama,"Great Race, The (1965)"
651,65,M,retired,02903,Kayla,Rivera,kayla.rivera@outlook.com,Drama,"Mrs. Brown (Her Majesty, Mrs. Brown) (1997)"
652,35,M,other,22911,Chelsea,Martinez,chelsea.martinez@yahoo.com,Thriller,Little Women (1994)
653,31,M,executive,55105,Bryan,Hart,bryan.hart@yahoo.com,Drama,Star Wars (1977)
654,27,F,student,78739,Mark,Duarte,mark.duarte@yahoo.com,Drama,Schindler's List (1993)
655,50,F,healthcare,60657,Christopher,Smith,christopher.smith@outlook.com,Drama,Ruby in Paradise (1993)
656,48,M,educator,10314,Michelle,Rogers,michelle.rogers@outlook.com,Drama,"Sweet Hereafter, The (1997)"
657,26,F,none,78704,Kimberly,Davis,kimberly.davis@gmail.com,Drama,Liar Liar (1997)
658,33,M,programmer,92626,Jennifer,Haynes,jennifer.haynes@gmail.com,Drama,Babe (1995)
659,31,M,educator,54248,John,Lozano,john.lozano@gmail.com,Drama,"Streetcar Named Desire, A (1951)"
660,26,M,student,77380,Kristen,Morris,kristen.morris@yahoo.com,Action,Monty Python and the Holy Grail (1974)
661,28,M,programmer,98121,Christina,Pace,christina.pace@gmail.com,Drama,"Wizard of Oz, The (1939)"
662,55,M,librarian,19102,William,Scott,william.scott@yahoo.com,Drama,Shanghai Triad (Yao a yao yao dao waipo qiao) (1995)
663,26,M,other,19341,Amy,Holden,amy.holden@outlook.com,Drama,Seven (Se7en) (1995)
664,30,M,engineer,94115,Carol,Thomas,carol.thomas@outlook.com,Drama,Blade Runner (1982)
665,25,M,administrator,55412,Scott,Thomas,scott.thomas@gmail.com,Drama,Reservoir Dogs (1992)
666,44,M,administrator,61820,Laura,Anderson,laura.anderson@yahoo.com,Drama,Alien (1979)
667,35,M,librarian,01970,Kimberly,Rodriguez,kimberly.rodriguez@yahoo.com,Drama,Secrets & Lies (1996)
668,29,F,writer,10016,Valerie,Johnston,valerie.johnston@gmail.com,Drama,Indiana Jones and the Last Crusade (1989)
669,37,M,other,20009,Anna,Williams,anna.williams@outlook.com,Drama,Like Water For Chocolate (Como agua para chocolate) (1992)
670,30,M,technician,21114,Matthew,Turner,matthew.turner@gmail.com,Drama,Some Like It Hot (1959)
671,21,M,programmer,91919,Adam,Zimmerman,adam.zimmerman@outlook.com,Action,"Fifth Element, The (1997)"
672,54,F,administrator,90095,Jason,Ramirez,jason.ramirez@yahoo.com,Comedy,"First Wives Club, The (1996)"
673,51,M,educator,22906,Dominique,Long,dominique.long@yahoo.com,Drama,"Apostle, The (1997)"
674,13,F,student,55337,Denise,Mann,denise.mann@outlook.com,Action,"Godfather, The (1972)"
675,34,M,other,28814,Robert,Allen,robert.allen@outlook.com,Drama,"Mrs. Brown (Her Majesty, Mrs. Brown) (1997)"
676,30,M,programmer,32712,William,Johnson,william.johnson@yahoo.com,Action,"Hunt for Red October, The (1990)"
677,20,M,other,99835,Dylan,Hill,dylan.hill@gmail.com,Drama,"Devil's Advocate, The (1997)"
678,50,M,educator,61462,Sherry,Brown,sherry.brown@outlook.com,Drama,Toy Story (1995)
679,20,F,student,54302,Laura,George,laura.george@outlook.com,Comedy,Return of the Jedi (1983)
680,33,M,lawyer,90405,Nicole,Nunez,nicole.nunez@gmail.com,Drama,Leaving Las Vegas (1995)
681,44,F,marketing,97208,Joseph,Hodges,joseph.hodges@yahoo.com,Drama,"English Patient, The (1996)"
682,23,M,programmer,55128,Kathy,Le,kathy.le@outlook.com,Drama,White Squall (1996)
683,42,M,librarian,23509,Mark,Dawson,mark.dawson@yahoo.com,Drama,Lawrence of Arabia (1962)
684,28,M,student,55414,Julie,Bradshaw,julie.bradshaw@yahoo.com,Comedy,Jerry Maguire (1996)
685,32,F,librarian,55409,Paul,Nichols,paul.nichols@yahoo.com,Drama,"Full Monty, The (1997)"
686,32,M,educator,26506,Heather,Wheeler,heather.wheeler@gmail.com,Drama,"Silence of the Lambs, The (1991)"
687,31,F,healthcare,27713,Thomas,Acosta,thomas.acosta@yahoo.com,Thriller,Titanic (1997)
688,37,F,administrator,60476,Zachary,Kelley,zachary.kelley@yahoo.com,Thriller,Scream (1996)
689,25,M,other,45439,Leslie,Diaz,leslie.diaz@yahoo.com,Action,Twelve Monkeys (1995)
690,35,M,salesman,63304,Jacob,Johnson,jacob.johnson@yahoo.com,Comedy,Cape Fear (1991)
691,34,M,educator,60089,Gina,Leonard,gina.leonard@yahoo.com,Drama,Rear Window (1954)
692,34,M,engineer,18053,Brenda,Grant,brenda.grant@gmail.com,Comedy,Back to the Future (1985)
693,43,F,healthcare,85210,Matthew,Adams,matthew.adams@gmail.com,Drama,One Flew Over the Cuckoo's Nest (1975)
694,60,M,programmer,06365,Douglas,Acevedo,douglas.acevedo@yahoo.com,Drama,Amadeus (1984)
695,26,M,writer,38115,Sophia,Andrade,sophia.andrade@outlook.com,Thriller,Everyone Says I Love You (1996)
696,55,M,other,94920,Katherine,Torres,katherine.torres@outlook.com,Drama,Cool Hand Luke (1967)
697,25,M,other,77042,Kenneth,Dickerson,kenneth.dickerson@gmail.com,Thriller,Othello (1995)
698,28,F,programmer,06906,Misty,Mcconnell,misty.mcconnell@outlook.com,Drama,Much Ado About Nothing (1993)
699,44,M,other,96754,Jason,Nguyen,jason.nguyen@outlook.com,Drama,Contact (1997)
700,17,M,student,76309,Gregory,Smith,gregory.smith@gmail.com,Action,Return of the Jedi (1983)
701,51,F,librarian,56321,Tracey,Soto,tracey.soto@outlook.com,Drama,Secrets & Lies (1996)
702,37,M,other,89104,Mitchell,Dean,mitchell.dean@outlook.com,Action,Star Trek: The Wrath of Khan (1982)
703,26,M,educator,49512,Jacob,Hudson,jacob.hudson@outlook.com,Drama,Men in Black (1997)
704,51,F,librarian,91105,Jessica,Schwartz,jessica.schwartz@gmail.com,Drama,Patton (1970)
705,21,F,student,54494,Isaac,Decker,isaac.decker@gmail.com,Action,Rent-a-Kid (1995)
706,23,M,student,55454,Anthony,Scott,anthony.scott@gmail.com,Thriller,Star Wars (1977)
707,56,F,librarian,19146,Jamie,Hernandez,jamie.hernandez@yahoo.com,Drama,Shine (1996)
708,26,F,homemaker,96349,Victoria,Mckinney,victoria.mckinney@gmail.com,Comedy,Toy Story (1995)
709,21,M,other,N4T1A,Charlene,Griffith,charlene.griffith@yahoo.com,Action,"Shawshank Redemption, The (1994)"
710,19,M,student,92020,Chris,Jones,chris.jones@outlook.com,Drama,Taxi Driver (1976)
711,22,F,student,15203,Darren,Johnson,darren.johnson@yahoo.com,Drama,"Full Monty, The (1997)"
712,22,F,student,54901,Daniel,Gordon,daniel.gordon@gmail.com,Comedy,"Corrina, Corrina (1994)"
713,42,F,other,07204,John,Chapman,john.chapman@gmail.com,Drama,"Apostle, The (1997)"
714,26,M,engineer,55343,Caleb,Preston,caleb.preston@gmail.com,Action,Return of the Jedi (1983)
715,21,M,technician,91206,Danny,Hill,danny.hill@yahoo.com,Action,Groundhog Day (1993)
716,36,F,administrator,44265,David,Mcknight,david.mcknight@gmail.com,Drama,Schindler's List (1993)
717,24,M,technician,84105,Susan,Copeland,susan.copeland@yahoo.com,Drama,Marvin's Room (1996)
718,42,M,technician,64118,Casey,Rich,casey.rich@outlook.com,Action,Father of the Bride Part II (1995)
719,37,F,other,V0R2H,Matthew,Mcguire,matthew.mcguire@gmail.com,Drama,Sling Blade (1996)
720,49,F,administrator,16506,David,Jackson,david.jackson@yahoo.com,Drama,Four Days in September (1997)
721,24,F,entertainment,11238,George,Hamilton,george.hamilton@gmail.com,Drama,Star Wars (1977)
722,50,F,homemaker,17331,Troy,Smith,troy.smith@gmail.com,Thriller,Willy Wonka and the Chocolate Factory (1971)
723,26,M,executive,94403,Rodney,Mills,rodney.mills@gmail.com,Drama,Monty Python and the Holy Grail (1974)
724,31,M,executive,40243,Heather,Duarte,heather.duarte@yahoo.com,Drama,"Rainmaker, The (1997)"
725,21,M,student,91711,Jacqueline,Burke,jacqueline.burke@gmail.com,Thriller,Fargo (1996)
726,25,F,administrator,80538,Nicole,Griffin,nicole.griffin@yahoo.com,Comedy,Don't Be a Menace to South Central While Drinking Your Juice in the Hood (1996)
727,25,M,student,78741,Becky,Rodgers,becky.rodgers@yahoo.com,Action,Heathers (1989)
728,58,M,executive,94306,Holly,Hughes,holly.hughes@yahoo.com,Drama,Fargo (1996)
729,19,M,student,56567,Bethany,Richardson,bethany.richardson@gmail.com,Thriller,"Wedding Singer, The (1998)"
730,31,F,scientist,32114,Christopher,Robertson,christopher.robertson@outlook.com,Drama,Contact (1997)
731,41,F,educator,70403,Jenny,Weiss,jenny.weiss@gmail.com,Drama,"Graduate, The (1967)"
732,28,F,other,98405,Jesse,Gonzalez,jesse.gonzalez@yahoo.com,Drama,Picture Perfect (1997)
733,44,F,other,60630,Michelle,Blanchard,michelle.blanchard@yahoo.com,Drama,Antonia's Line (1995)
734,25,F,other,63108,Angela,Elliott,angela.elliott@outlook.com,Drama,Rebecca (1940)
735,29,F,healthcare,85719,Chad,Sutton,chad.sutton@outlook.com,Drama,Lone Star (1996)
736,48,F,writer,94618,Melissa,Patton,melissa.patton@outlook.com,Drama,"Boot, Das (1981)"
737,30,M,programmer,98072,Megan,Welch,megan.welch@yahoo.com,Drama,"Blues Brothers, The (1980)"
738,35,M,technician,95403,Kristen,Torres,kristen.torres@yahoo.com,Action,Schindler's List (1993)
739,35,M,technician,73162,Danny,Johnson,danny.johnson@gmail.com,Drama,"Assignment, The (1997)"
740,25,F,educator,22206,Eric,Huynh,eric.huynh@outlook.com,Thriller,"English Patient, The (1996)"
741,25,M,writer,63108,Lisa,Mayo,lisa.mayo@outlook.com,Comedy,"Silence of the Lambs, The (1991)"
742,35,M,student,29210,Evelyn,Garrison,evelyn.garrison@yahoo.com,Drama,Contact (1997)
743,31,M,programmer,92660,Andrew,Long,andrew.long@outlook.com,Drama,Ridicule (1996)
744,35,M,marketing,47024,Brandon,Fuller,brandon.fuller@gmail.com,Drama,"Godfather, The (1972)"
745,42,M,writer,55113,Leslie,Fleming,leslie.fleming@yahoo.com,Drama,East of Eden (1955)
746,25,M,engineer,19047,Troy,Harper,troy.harper@yahoo.com,Action,Return of the Jedi (1983)
747,19,M,other,93612,Craig,Roberts,craig.roberts@yahoo.com,Drama,Young Frankenstein (1974)
748,28,M,administrator,94720,Anthony,Ryan,anthony.ryan@yahoo.com,Drama,Raiders of the Lost Ark (1981)
749,33,M,other,80919,Charles,Lucas,charles.lucas@outlook.com,Action,Phenomenon (1996)
750,28,M,administrator,32303,Dana,Boyle,dana.boyle@yahoo.com,Thriller,"English Patient, The (1996)"
751,24,F,other,90034,David,Cruz,david.cruz@yahoo.com,Comedy,In & Out (1997)
752,60,M,retired,21201,Andrea,Wyatt,andrea.wyatt@gmail.com,Drama,Starship Troopers (1997)
753,56,M,salesman,91206,Bryan,Davis,bryan.davis@yahoo.com,Drama,"Boot, Das (1981)"
754,59,F,librarian,62901,Michael,Carter,michael.carter@yahoo.com,Drama,Leaving Las Vegas (1995)
755,44,F,educator,97007,Carol,Cooper,carol.cooper@gmail.com,Drama,Seven Years in Tibet (1997)
756,30,F,none,90247,Pamela,Keller,pamela.keller@yahoo.com,Action,Rear Window (1954)
757,26,M,student,55104,Jacob,Torres,jacob.torres@yahoo.com,Action,Get Shorty (1995)
758,27,M,student,53706,Steven,Eaton,steven.eaton@gmail.com,Drama,2001: A Space Odyssey (1968)
759,20,F,student,68503,Terry,Foster,terry.foster@yahoo.com,Action,Con Air (1997)
760,35,F,other,14211,Billy,Smith,billy.smith@yahoo.com,Romance,Grease 2 (1982)
761,17,M,student,97302,Joann,Castillo,joann.castillo@gmail.com,Drama,Broken Arrow (1996)
762,32,M,administrator,95050,Patrick,Adams,patrick.adams@outlook.com,Romance,L.A. Confidential (1997)
763,27,M,scientist,02113,Kyle,Lowe,kyle.lowe@gmail.com,Drama,Sense and Sensibility (1995)
764,27,F,educator,62903,Steven,Fisher,steven.fisher@outlook.com,Drama,"Sound of Music, The (1965)"
765,31,M,student,33066,Kerry,Avery,kerry.avery@gmail.com,Drama,Secrets & Lies (1996)
766,42,M,other,10960,Cody,Sanchez,cody.sanchez@yahoo.com,Drama,Citizen Kane (1941)
767,70,M,engineer,00000,Sandra,Gomez,sandra.gomez@gmail.com,Drama,Cyrano de Bergerac (1990)
768,29,M,administrator,12866,Michael,Russell,michael.russell@outlook.com,Drama,"Princess Bride, The (1987)"
769,39,M,executive,06927,Sean,Barry,sean.barry@yahoo.com,Comedy,"Full Monty, The (1997)"
770,28,M,student,14216,Tara,Lutz,tara.lutz@gmail.com,Drama,"People vs. Larry Flynt, The (1996)"
771,26,M,student,15232,Lisa,Christensen,lisa.christensen@gmail.com,Comedy,Much Ado About Nothing (1993)
772,50,M,writer,27105,Kaitlyn,Rice,kaitlyn.rice@gmail.com,Thriller,Mother (1996)
773,20,M,student,55414,James,Miller,james.miller@gmail.com,Drama,"Wrong Trousers, The (1993)"
774,30,M,student,80027,Marco,Torres,marco.torres@yahoo.com,Action,"Clockwork Orange, A (1971)"
775,46,M,executive,90036,Tina,Thomas,tina.thomas@outlook.com,Drama,Deconstructing Harry (1997)
776,30,M,librarian,51157,Donna,Campbell,donna.campbell@outlook.com,Horror,Jaws (1975)
777,63,M,programmer,01810,Carmen,Fields,carmen.fields@yahoo.com,Drama,Monty Python and the Holy Grail (1974)
778,34,M,student,01960,Jordan,Stewart,jordan.stewart@gmail.com,Drama,Seven (Se7en) (1995)
779,31,M,student,K7L5J,Scott,Owens,scott.owens@gmail.com,Comedy,Return of the Jedi (1983)
780,49,M,programmer,94560,Jessica,Simmons,jessica.simmons@yahoo.com,Drama,Somewhere in Time (1980)
781,20,M,student,48825,George,Ortiz,george.ortiz@gmail.com,Drama,Casablanca (1942)
782,21,F,artist,33205,Joy,Jordan,joy.jordan@yahoo.com,Drama,G.I. Jane (1997)
783,30,M,marketing,77081,Vanessa,Gray,vanessa.gray@gmail.com,Drama,Jackie Brown (1997)
784,47,M,administrator,91040,Kara,Swanson,kara.swanson@yahoo.com,Drama,"Full Monty, The (1997)"
785,32,M,engineer,23322,Victoria,Campbell,victoria.campbell@gmail.com,Comedy,Alien (1979)
786,36,F,engineer,01754,Andrew,Villarreal,andrew.villarreal@yahoo.com,Drama,"Shining, The (1980)"
787,18,F,student,98620,Cheyenne,Michael,cheyenne.michael@gmail.com,Drama,"Rainmaker, The (1997)"
788,51,M,administrator,05779,Mark,Stephens,mark.stephens@gmail.com,Drama,"Silence of the Lambs, The (1991)"
789,29,M,other,55420,Jeffrey,Esparza,jeffrey.esparza@outlook.com,Drama,"Godfather, The (1972)"
790,27,M,technician,80913,Julian,Kennedy,julian.kennedy@yahoo.com,Comedy,"Little Princess, A (1995)"
791,31,M,educator,20064,Michael,Lane,michael.lane@gmail.com,Thriller,Cop Land (1997)
792,40,M,programmer,12205,Brian,Hernandez,brian.hernandez@gmail.com,Drama,Shiloh (1997)
793,22,M,student,85281,Jane,Turner,jane.turner@outlook.com,Drama,Liar Liar (1997)
794,32,M,educator,57197,Priscilla,Frye,priscilla.frye@outlook.com,Drama,Kolya (1996)
795,30,M,programmer,08610,Nicholas,Jones,nicholas.jones@outlook.com,Comedy,Fargo (1996)
796,32,F,writer,33755,Timothy,White,timothy.white@gmail.com,Drama,Searching for Bobby Fischer (1993)
797,44,F,other,62522,Robert,Hartman,robert.hartman@yahoo.com,Comedy,Star Wars (1977)
798,40,F,writer,64131,Breanna,Jones,breanna.jones@outlook.com,Comedy,Sabrina (1995)
799,49,F,administrator,19716,Victoria,Collins,victoria.collins@yahoo.com,Drama,Vertigo (1958)
800,25,M,programmer,55337,Tamara,Bernard,tamara.bernard@gmail.com,Drama,Rosewood (1997)
801,22,M,writer,92154,Jodi,Vance,jodi.vance@yahoo.com,Thriller,Scream 2 (1997)
802,35,M,administrator,34105,Felicia,James,felicia.james@yahoo.com,Horror,Dante's Peak (1997)
803,70,M,administrator,78212,Stephanie,Hall,stephanie.hall@gmail.com,Drama,"English Patient, The (1996)"
804,39,M,educator,61820,Erik,Rivera,erik.rivera@yahoo.com,Comedy,Jurassic Park (1993)
805,27,F,other,20009,Angela,Coleman,angela.coleman@yahoo.com,Comedy,Trainspotting (1996)
806,27,M,marketing,11217,Kara,Clark,kara.clark@gmail.com,Drama,GoodFellas (1990)
807,41,F,healthcare,93555,Jason,Moore,jason.moore@outlook.com,Action,Mary Poppins (1964)
808,45,M,salesman,90016,Megan,Rhodes,megan.rhodes@outlook.com,Drama,Liar Liar (1997)
809,50,F,marketing,30803,Dustin,Ochoa,dustin.ochoa@yahoo.com,Thriller,Good Will Hunting (1997)
810,55,F,other,80526,Amanda,Watson,amanda.watson@gmail.com,Comedy,In & Out (1997)
811,40,F,educator,73013,Jacob,Ortiz,jacob.ortiz@yahoo.com,Drama,In & Out (1997)
812,22,M,technician,76234,Rebecca,Rodgers,rebecca.rodgers@gmail.com,Thriller,Liar Liar (1997)
813,14,F,student,02136,Gregory,Jackson,gregory.jackson@gmail.com,Comedy,Gattaca (1997)
814,30,M,other,12345,Ann,Campos,ann.campos@yahoo.com,Horror,Fargo (1996)
815,32,M,other,28806,Christy,Rose,christy.rose@gmail.com,Drama,"Princess Bride, The (1987)"
816,34,M,other,20755,Alexis,Freeman,alexis.freeman@gmail.com,Thriller,Deceiver (1997)
817,19,M,student,60152,Colleen,Robinson,colleen.robinson@outlook.com,Action,"Rock, The (1996)"
818,28,M,librarian,27514,William,Jones,william.jones@gmail.com,Drama,L.A. Confidential (1997)
819,59,M,administrator,40205,Timothy,Flowers,timothy.flowers@outlook.com,Drama,Cosi (1996)
820,22,M,student,37725,William,Frederick,william.frederick@gmail.com,Thriller,Scream (1996)
821,37,M,engineer,77845,Dustin,Smith,dustin.smith@gmail.com,Drama,Apocalypse Now (1979)
822,29,F,librarian,53144,Rebecca,Davis,rebecca.davis@yahoo.com,Comedy,"Close Shave, A (1995)"
823,27,M,artist,50322,Michael,Duran,michael.duran@outlook.com,Drama,M*A*S*H (1970)
824,31,M,other,15017,Jason,Underwood,jason.underwood@yahoo.com,Drama,Chasing Amy (1997)
825,44,M,engineer,05452,Anna,Rivera,anna.rivera@gmail.com,Drama,E.T. the Extra-Terrestrial (1982)
826,28,M,artist,77048,Michael,Malone,michael.malone@outlook.com,Action,Titanic (1997)
827,23,F,engineer,80228,Maria,Vaughan,maria.vaughan@outlook.com,Drama,"Full Monty, The (1997)"
828,28,M,librarian,85282,Erica,Wilson,erica.wilson@gmail.com,Drama,Antonia's Line (1995)
829,48,M,writer,80209,Brianna,Tate,brianna.tate@outlook.com,Drama,Raging Bull (1980)
830,46,M,programmer,53066,Jose,Jones,jose.jones@yahoo.com,Action,Forrest Gump (1994)
831,21,M,other,33765,Julie,Norman,julie.norman@gmail.com,Drama,Terminator 2: Judgment Day (1991)
832,24,M,technician,77042,Autumn,Nunez,autumn.nunez@outlook.com,Action,Titanic (1997)
833,34,M,writer,90019,Travis,Torres,travis.torres@gmail.com,Drama,Boogie Nights (1997)
834,26,M,other,64153,Gregory,Rodgers,gregory.rodgers@outlook.com,Drama,"Full Monty, The (1997)"
835,44,F,executive,11577,Jennifer,Gonzalez,jennifer.gonzalez@outlook.com,Drama,Crash (1996)
836,44,M,artist,10018,Timothy,Bird,timothy.bird@gmail.com,Drama,"Usual Suspects, The (1995)"
837,36,F,artist,55409,James,Johnson,james.johnson@outlook.com,Drama,Emma (1996)
838,23,M,student,01375,Alexis,Roberson,alexis.roberson@gmail.com,Drama,"Princess Bride, The (1987)"
839,38,F,entertainment,90814,Cassandra,Freeman,cassandra.freeman@yahoo.com,Drama,Trainspotting (1996)
840,39,M,artist,55406,Benjamin,Wong,benjamin.wong@gmail.com,Drama,That Thing You Do! (1996)
841,45,M,doctor,47401,Robin,Sparks,robin.sparks@outlook.com,Thriller,"Edge, The (1997)"
842,40,M,writer,93055,Douglas,Nguyen,douglas.nguyen@yahoo.com,Thriller,Chasing Amy (1997)
843,35,M,librarian,44212,Nathan,Fisher,nathan.fisher@yahoo.com,Drama,Alien (1979)
844,22,M,engineer,95662,Abigail,Howard,abigail.howard@yahoo.com,Action,Star Wars (1977)
845,64,M,doctor,97405,Michael,King,michael.king@yahoo.com,Drama,Seven Years in Tibet (1997)
846,27,M,lawyer,47130,Paula,Brown,paula.brown@yahoo.com,Drama,Clear and Present Danger (1994)
847,29,M,student,55417,Shawna,Booker,shawna.booker@outlook.com,Comedy,Jeffrey (1995)
848,46,M,engineer,02146,Teresa,Villegas,teresa.villegas@yahoo.com,Drama,"Abyss, The (1989)"
849,15,F,student,25652,Angela,Pearson,angela.pearson@outlook.com,Drama,"Craft, The (1996)"
850,34,M,technician,78390,Rebecca,Odom,rebecca.odom@outlook.com,Comedy,Back to the Future (1985)
851,18,M,other,29646,Cassandra,Flores,cassandra.flores@gmail.com,Drama,Casino (1995)
852,46,M,administrator,94086,Dana,Mcdonald,dana.mcdonald@outlook.com,Action,"Close Shave, A (1995)"
853,49,M,writer,40515,Michelle,Morgan,michelle.morgan@gmail.com,Thriller,Air Force One (1997)
854,29,F,student,55408,Joseph,Smith,joseph.smith@gmail.com,Drama,Schindler's List (1993)
855,53,M,librarian,04988,Carrie,Tucker,carrie.tucker@yahoo.com,Drama,Nikita (La Femme Nikita) (1990)
856,43,F,marketing,97215,Mary,Holder,mary.holder@yahoo.com,Drama,Amistad (1997)
857,35,F,administrator,V1G4L,Charles,Cook,charles.cook@gmail.com,Drama,"Postman, The (1997)"
858,63,M,educator,09645,Jon,Stephens,jon.stephens@gmail.com,Drama,Dead Man Walking (1995)
859,18,F,other,06492,Sarah,Bruce,sarah.bruce@gmail.com,Drama,Austin Powers: International Man of Mystery (1997)
860,70,F,retired,48322,Stephanie,Delgado,stephanie.delgado@yahoo.com,Drama,Annie Hall (1977)
861,38,F,student,14085,Steven,Lewis,steven.lewis@outlook.com,Drama,Cinema Paradiso (1988)
862,25,M,executive,13820,Julie,Anderson,julie.anderson@yahoo.com,Drama,Star Wars (1977)
863,17,M,student,60089,Krystal,Cochran,krystal.cochran@outlook.com,Drama,"Big Lebowski, The (1998)"
864,27,M,programmer,63021,Timothy,Smith,timothy.smith@outlook.com,Drama,"Close Shave, A (1995)"
865,25,M,artist,11231,Lindsay,Farmer,lindsay.farmer@outlook.com,Comedy,Twelve Monkeys (1995)
866,45,M,other,60302,Steven,Griffith,steven.griffith@gmail.com,Drama,Everyone Says I Love You (1996)
867,24,M,scientist,92507,Sarah,Vaughn,sarah.vaughn@yahoo.com,Drama,North by Northwest (1959)
868,21,M,programmer,55303,Tracy,Johnson,tracy.johnson@yahoo.com,Comedy,Akira (1988)
869,30,M,student,10025,Kayla,Davis,kayla.davis@outlook.com,Drama,"Very Brady Sequel, A (1996)"
870,22,M,student,65203,Judith,Stewart,judith.stewart@yahoo.com,Drama,Rear Window (1954)
871,31,M,executive,44648,Michael,Hancock,michael.hancock@yahoo.com,Drama,Raiders of the Lost Ark (1981)
872,19,F,student,74078,Nathaniel,Huffman,nathaniel.huffman@yahoo.com,Comedy,Scream (1996)
873,48,F,administrator,33763,Michael,Miller,michael.miller@gmail.com,Drama,Rosewood (1997)
874,36,M,scientist,37076,Terri,Rogers,terri.rogers@yahoo.com,Drama,One Flew Over the Cuckoo's Nest (1975)
875,24,F,student,35802,Laura,Cruz,laura.cruz@yahoo.com,Drama,Kids (1995)
876,41,M,other,20902,Carolyn,Mckay,carolyn.mckay@outlook.com,Drama,Hoop Dreams (1994)
877,30,M,other,77504,Brett,White,brett.white@gmail.com,Drama,"Boot, Das (1981)"
878,50,F,educator,98027,Miguel,Garcia,miguel.garcia@yahoo.com,Drama,To Kill a Mockingbird (1962)
879,33,F,administrator,55337,John,Jackson,john.jackson@gmail.com,Action,Happy Gilmore (1996)
880,13,M,student,83702,Anna,Marshall,anna.marshall@yahoo.com,Comedy,Glory (1989)
881,39,M,marketing,43017,Jennifer,Mayer,jennifer.mayer@yahoo.com,Comedy,Being There (1979)
882,35,M,engineer,40503,Richard,Mitchell,richard.mitchell@outlook.com,Comedy,"Right Stuff, The (1983)"
883,49,M,librarian,50266,Joseph,Anderson,joseph.anderson@yahoo.com,Drama,Twelve Monkeys (1995)
884,44,M,engineer,55337,Barbara,Morgan,barbara.morgan@gmail.com,Drama,Dead Man Walking (1995)
885,30,F,other,95316,Ashlee,Robinson,ashlee.robinson@outlook.com,Comedy,Indiana Jones and the Last Crusade (1989)
886,20,M,student,61820,Allen,Miller,allen.miller@outlook.com,Drama,"Long Kiss Goodnight, The (1996)"
887,14,F,student,27249,Brian,Perez,brian.perez@outlook.com,Comedy,Shiloh (1997)
888,41,M,scientist,17036,Laura,Smith,laura.smith@yahoo.com,Romance,"Full Monty, The (1997)"
889,24,M,technician,78704,Bradley,Harris,bradley.harris@outlook.com,Drama,Schizopolis (1996)
890,32,M,student,97301,Jeffrey,Christensen,jeffrey.christensen@gmail.com,Drama,"Empire Strikes Back, The (1980)"
891,51,F,administrator,03062,Rita,Gentry,rita.gentry@outlook.com,Drama,"River Wild, The (1994)"
892,36,M,other,45243,David,Cortez,david.cortez@yahoo.com,Drama,Citizen Kane (1941)
893,25,M,student,95823,Jennifer,Briggs,jennifer.briggs@gmail.com,Action,Pulp Fiction (1994)
894,47,M,educator,74075,Brittany,Thornton,brittany.thornton@yahoo.com,Drama,"Garden of Finzi-Contini, The (Giardino dei Finzi-Contini, Il) (1970)"
895,31,F,librarian,32301,Joanne,Miller,joanne.miller@gmail.com,Comedy,Return of the Jedi (1983)
896,28,M,writer,91505,Rachael,Miller,rachael.miller@yahoo.com,Drama,"Big Sleep, The (1946)"
897,30,M,other,33484,Cheyenne,Stevenson,cheyenne.stevenson@outlook.com,Action,Toy Story (1995)
898,23,M,homemaker,61755,Matthew,Barber,matthew.barber@yahoo.com,Drama,Everyone Says I Love You (1996)
899,32,M,other,55116,David,Gonzalez,david.gonzalez@yahoo.com,Drama,Persuasion (1995)
900,60,M,retired,18505,Danielle,Collins,danielle.collins@outlook.com,Drama,"Wild Bunch, The (1969)"
901,38,M,executive,L1V3W,Ashley,White,ashley.white@outlook.com,Comedy,Braveheart (1995)
902,45,F,artist,97203,Caitlin,Conner,caitlin.conner@yahoo.com,Action,Schindler's List (1993)
903,28,M,educator,20850,Raymond,Garcia,raymond.garcia@gmail.com,Drama,Fargo (1996)
904,17,F,student,61073,Timothy,Lee,timothy.lee@gmail.com,Romance,Evita (1996)
905,27,M,other,30350,Sonya,Ellis,sonya.ellis@yahoo.com,Drama,L.A. Confidential (1997)
906,45,M,librarian,70124,Barbara,Johnson,barbara.johnson@gmail.com,Drama,Sleepers (1996)
907,25,F,other,80526,Sherry,Jackson,sherry.jackson@outlook.com,Drama,Happy Gilmore (1996)
908,44,F,librarian,68504,Stephanie,Clark,stephanie.clark@gmail.com,Drama,"Silence of the Lambs, The (1991)"
909,50,F,educator,53171,Sarah,Frank,sarah.frank@yahoo.com,Drama,"Piano, The (1993)"
910,28,M,healthcare,29301,Lisa,Floyd,lisa.floyd@gmail.com,Drama,Star Wars (1977)
911,37,F,writer,53210,Jamie,Walker,jamie.walker@outlook.com,Comedy,Butch Cassidy and the Sundance Kid (1969)
912,51,M,other,06512,Roger,Lee,roger.lee@yahoo.com,Drama,"Wizard of Oz, The (1939)"
913,27,M,student,76201,Samantha,Alexander,samantha.alexander@yahoo.com,Drama,Quiz Show (1994)
914,44,F,other,08105,Laura,Ramirez,laura.ramirez@yahoo.com,Romance,Dirty Dancing (1987)
915,50,M,entertainment,60614,William,Shah,william.shah@outlook.com,Drama,Chasing Amy (1997)
916,27,M,engineer,N2L5N,Jennifer,Brooks,jennifer.brooks@gmail.com,Drama,Fargo (1996)
917,22,F,student,20006,Kathleen,Norris,kathleen.norris@yahoo.com,Drama,Jane Eyre (1996)
918,40,M,scientist,70116,Heidi,James,heidi.james@gmail.com,Drama,Harold and Maude (1971)
919,25,M,other,14216,Karen,Hester,karen.hester@yahoo.com,Drama,Six Degrees of Separation (1993)
920,30,F,artist,90008,Melissa,Knight,melissa.knight@yahoo.com,Drama,Titanic (1997)
921,20,F,student,98801,Meghan,Steele,meghan.steele@yahoo.com,Comedy,Titanic (1997)
922,29,F,administrator,21114,Sheila,Hood,sheila.hood@outlook.com,Comedy,Blade Runner (1982)
923,21,M,student,E2E3R,Robert,Fowler,robert.fowler@yahoo.com,Thriller,"Game, The (1997)"
924,29,M,other,11753,Alejandra,Huff,alejandra.huff@gmail.com,Drama,Raiders of the Lost Ark (1981)
925,18,F,salesman,49036,Abigail,Reyes,abigail.reyes@gmail.com,Thriller,Scream (1996)
926,49,M,entertainment,01701,Jon,Burns,jon.burns@outlook.com,Drama,Good Will Hunting (1997)
927,23,M,programmer,55428,Helen,Richardson,helen.richardson@outlook.com,Comedy,Star Trek: First Contact (1996)
928,21,M,student,55408,Elizabeth,Brown,elizabeth.brown@yahoo.com,Drama,Babe (1995)
929,44,M,scientist,53711,Elizabeth,Schneider,elizabeth.schneider@gmail.com,Drama,Blade Runner (1982)
930,28,F,scientist,07310,Michael,Thompson,michael.thompson@outlook.com,Comedy,"Spitfire Grill, The (1996)"
931,60,M,educator,33556,Allison,Gutierrez,allison.gutierrez@yahoo.com,Drama,Sense and Sensibility (1995)
932,58,M,educator,06437,Bradley,Lopez,bradley.lopez@yahoo.com,Drama,2001: A Space Odyssey (1968)
933,28,M,student,48105,Anthony,Fernandez,anthony.fernandez@gmail.com,Action,"Shawshank Redemption, The (1994)"
934,61,M,engineer,22902,Andrea,Brooks,andrea.brooks@yahoo.com,Drama,Star Wars (1977)
935,42,M,doctor,66221,Zachary,Caldwell,zachary.caldwell@gmail.com,Drama,Ransom (1996)
936,24,M,other,32789,Jeremy,Mitchell,jeremy.mitchell@outlook.com,Drama,Citizen Ruth (1996)
937,48,M,educator,98072,Leonard,Webb,leonard.webb@yahoo.com,Drama,Dead Man Walking (1995)
938,38,F,technician,55038,Anthony,Sharp,anthony.sharp@yahoo.com,Comedy,Titanic (1997)
939,26,F,student,33319,Michael,Guzman,michael.guzman@gmail.com,Drama,"Jackal, The (1997)"
940,32,M,administrator,02215,Summer,Hughes,summer.hughes@gmail.com,Drama,Terminator 2: Judgment Day (1991)
941,20,M,student,97229,Anna,Anderson,anna.anderson@outlook.com,Action,Lone Star (1996)
942,48,F,librarian,78209,James,Martin,james.martin@outlook.com,Drama,E.T. the Extra-Terrestrial (1982)
943,22,M,student,77841,Jason,Terry,jason.terry@gmail.com,Action,"Blues Brothers, The (1980)"
